scenario,p,iterations,num_qubits,cx_count,depth,expected_p_good,p_good,p_bad,p_leftover,top_shift_is_good,shots,seed_sim,elapsed_s
S1,0.0,0,14,0,4,0.12500000000000003,0.1240234375,0.6181640625,0.2578125,0,1024,761,0.007741999928839505
S1,0.001,0,14,0,4,0.12500000000000003,0.125,0.6201171875,0.2548828125,0,1024,761,0.06637679995037615
S1,0.003,0,14,0,4,0.12500000000000003,0.125,0.6201171875,0.2548828125,0,1024,761,0.06408550008200109
S1,0.005,0,14,0,4,0.12500000000000003,0.125,0.6201171875,0.2548828125,0,1024,761,0.07963060005567968
S1,0.01,0,14,0,4,0.12500000000000003,0.125,0.6201171875,0.2548828125,0,1024,761,0.06622399995103478
S1,0.02,0,14,0,4,0.12500000000000003,0.125,0.6201171875,0.2548828125,0,1024,761,0.07281789998523891
S1,0.03,0,14,0,4,0.12500000000000003,0.125,0.6201171875,0.2548828125,0,1024,761,0.07566600001882762
S1,0.05,0,14,0,4,0.12500000000000003,0.125,0.6201171875,0.2548828125,0,1024,761,0.07962440000846982
S2,0.0,0,14,0,4,0.12500000000000003,0.12890625,0.6171875,0.25390625,0,1024,761,0.09570720000192523
S2,0.001,0,14,0,4,0.12500000000000003,0.12890625,0.6171875,0.25390625,0,1024,761,0.7166494999546558
S2,0.003,0,14,0,4,0.12500000000000003,0.12890625,0.6171875,0.25390625,0,1024,761,0.7452160000102594
S2,0.005,0,14,0,4,0.12500000000000003,0.1279296875,0.6181640625,0.25390625,0,1024,761,0.7189870000584051
S2,0.01,0,14,0,4,0.12500000000000003,0.1279296875,0.6181640625,0.25390625,0,1024,761,0.7562623999547213
S2,0.02,0,14,0,4,0.12500000000000003,0.1279296875,0.6181640625,0.25390625,0,1024,761,0.7423682999797165
S2,0.03,0,14,0,4,0.12500000000000003,0.1279296875,0.6181640625,0.25390625,0,1024,761,0.7682838999899104
S2,0.05,0,14,0,4,0.12500000000000003,0.12890625,0.6171875,0.25390625,0,1024,761,0.7500666999258101
S1,0.0,1,14,510,907,0.7812500000000001,0.775390625,0.1572265625,0.0673828125,1,1024,761,0.09796300006564707
S1,0.001,1,14,510,907,0.7812500000000001,0.5068359375,0.3671875,0.1259765625,1,1024,761,7.058725700015202
S1,0.003,1,14,510,907,0.7812500000000001,0.283203125,0.51953125,0.197265625,1,1024,761,7.062580699915998
S1,0.005,1,14,510,907,0.7812500000000001,0.1923828125,0.5732421875,0.234375,1,1024,761,7.214719699928537
S1,0.01,1,14,510,907,0.7812500000000001,0.1376953125,0.6015625,0.2607421875,1,1024,761,7.374270900036208
S1,0.02,1,14,510,907,0.7812500000000001,0.1279296875,0.6103515625,0.26171875,0,1024,761,7.197864200104959
S1,0.03,1,14,510,907,0.7812500000000001,0.134765625,0.60546875,0.259765625,0,1024,761,7.107388600008562
S1,0.05,1,14,510,907,0.7812500000000001,0.134765625,0.599609375,0.265625,0,1024,761,7.136322900070809
S2,0.0,1,14,510,907,0.7812500000000001,0.1572265625,0.5986328125,0.244140625,1,1024,761,7.319310399936512
S2,0.001,1,14,510,907,0.7812500000000001,0.14453125,0.6259765625,0.2294921875,1,1024,761,7.8355890000239015
S2,0.003,1,14,510,907,0.7812500000000001,0.1259765625,0.6171875,0.2568359375,0,1024,761,7.843658400001004
S2,0.005,1,14,510,907,0.7812500000000001,0.1298828125,0.6240234375,0.24609375,0,1024,761,7.852788200019859
S2,0.01,1,14,510,907,0.7812500000000001,0.1103515625,0.6240234375,0.265625,0,1024,761,7.914650600054301
S2,0.02,1,14,510,907,0.7812500000000001,0.134765625,0.6083984375,0.2568359375,0,1024,761,7.8953110000584275
S2,0.03,1,14,510,907,0.7812500000000001,0.12890625,0.6220703125,0.2490234375,0,1024,761,7.93943919998128
S2,0.05,1,14,510,907,0.7812500000000001,0.126953125,0.6220703125,0.2509765625,0,1024,761,7.943430399987847
S1,0.0,2,14,1104,1893,0.9453124999999999,0.9404296875,0.04296875,0.0166015625,1,1024,761,0.18028790003154427
S1,0.001,2,14,1104,1893,0.9453124999999999,0.431640625,0.3994140625,0.1689453125,1,1024,761,14.438121199957095
S1,0.003,2,14,1104,1893,0.9453124999999999,0.166015625,0.6005859375,0.2333984375,1,1024,761,14.462425599922426
S1,0.005,2,14,1104,1893,0.9453124999999999,0.1298828125,0.5869140625,0.283203125,0,1024,761,14.415491700056009
S1,0.01,2,14,1104,1893,0.9453124999999999,0.126953125,0.603515625,0.26953125,0,1024,761,14.378515999997035
S1,0.02,2,14,1104,1893,0.9453124999999999,0.125,0.5986328125,0.2763671875,0,1024,761,14.468632800038904
S1,0.03,2,14,1104,1893,0.9453124999999999,0.12109375,0.599609375,0.279296875,0,1024,761,14.496512899990194
S1,0.05,2,14,1104,1893,0.9453124999999999,0.125,0.6025390625,0.2724609375,0,1024,761,14.53458259999752
S2,0.0,2,14,1104,1893,0.9453124999999999,0.10546875,0.6259765625,0.2685546875,0,1024,761,15.033986199996434
S2,0.001,2,14,1104,1893,0.9453124999999999,0.103515625,0.6376953125,0.2587890625,0,1024,761,15.538537899963558
S2,0.003,2,14,1104,1893,0.9453124999999999,0.11328125,0.62109375,0.265625,0,1024,761,15.499846199993044
S2,0.005,2,14,1104,1893,0.9453124999999999,0.11328125,0.6337890625,0.2529296875,0,1024,761,15.622559599927627
S2,0.01,2,14,1104,1893,0.9453124999999999,0.1103515625,0.591796875,0.2978515625,0,1024,761,15.6335759999929
S2,0.02,2,14,1104,1893,0.9453124999999999,0.1337890625,0.630859375,0.2353515625,0,1024,761,15.698240000056103
S2,0.03,2,14,1104,1893,0.9453124999999999,0.1240234375,0.6279296875,0.248046875,0,1024,761,15.733458300004713
S2,0.05,2,14,1104,1893,0.9453124999999999,0.1240234375,0.625,0.2509765625,0,1024,761,15.790590699994937
S1,0.0,3,14,1698,2879,0.330078125,0.330078125,0.4755859375,0.1943359375,1,1024,761,0.2744571999646723
S1,0.001,3,14,1698,2879,0.330078125,0.2080078125,0.6083984375,0.18359375,1,1024,761,22.232871500076726
S1,0.003,3,14,1698,2879,0.330078125,0.142578125,0.626953125,0.23046875,1,1024,761,22.676100899931043
S1,0.005,3,14,1698,2879,0.330078125,0.125,0.6474609375,0.2275390625,0,1024,761,21.79999069997575
S1,0.01,3,14,1698,2879,0.330078125,0.130859375,0.650390625,0.21875,0,1024,761,22.01219200005289
S1,0.02,3,14,1698,2879,0.330078125,0.123046875,0.662109375,0.21484375,0,1024,761,21.842559000011533
S1,0.03,3,14,1698,2879,0.330078125,0.126953125,0.6591796875,0.2138671875,0,1024,761,22.14119030011352
S1,0.05,3,14,1698,2879,0.330078125,0.1240234375,0.6572265625,0.21875,0,1024,761,22.352895900025032
S2,0.0,3,14,1698,2879,0.330078125,0.107421875,0.6142578125,0.2783203125,0,1024,761,22.74645189999137
S2,0.001,3,14,1698,2879,0.330078125,0.119140625,0.6064453125,0.2744140625,0,1024,761,23.228572600055486
S2,0.003,3,14,1698,2879,0.330078125,0.109375,0.6298828125,0.2607421875,0,1024,761,23.378782300045714
S2,0.005,3,14,1698,2879,0.330078125,0.115234375,0.625,0.259765625,0,1024,761,23.34157619997859
S2,0.01,3,14,1698,2879,0.330078125,0.1396484375,0.59375,0.2666015625,0,1024,761,23.31061389995739
S2,0.02,3,14,1698,2879,0.330078125,0.1201171875,0.630859375,0.2490234375,0,1024,761,23.336794600007124
S2,0.03,3,14,1698,2879,0.330078125,0.1376953125,0.625,0.2373046875,0,1024,761,23.530951000051573
S2,0.05,3,14,1698,2879,0.330078125,0.111328125,0.6533203125,0.2353515625,0,1024,761,24.032172700040974
S1,0.0,4,14,2292,3865,0.01220703125000009,0.009765625,0.7060546875,0.2841796875,0,1024,761,0.36487980000674725
S1,0.001,4,14,2292,3865,0.01220703125000009,0.140625,0.6201171875,0.2392578125,1,1024,761,29.38447599997744
S1,0.003,4,14,2292,3865,0.01220703125000009,0.1328125,0.6162109375,0.2509765625,0,1024,761,29.225183800095692
S1,0.005,4,14,2292,3865,0.01220703125000009,0.125,0.6318359375,0.2431640625,0,1024,761,29.10745039989706
S1,0.01,4,14,2292,3865,0.01220703125000009,0.1328125,0.6201171875,0.2470703125,0,1024,761,29.627749199979007
S1,0.02,4,14,2292,3865,0.01220703125000009,0.13671875,0.61328125,0.25,0,1024,761,29.626386199961416
S1,0.03,4,14,2292,3865,0.01220703125000009,0.1279296875,0.623046875,0.2490234375,0,1024,761,29.968565400107764
S1,0.05,4,14,2292,3865,0.01220703125000009,0.1318359375,0.6201171875,0.248046875,0,1024,761,30.28571780002676
S2,0.0,4,14,2292,3865,0.01220703125000009,0.1201171875,0.5947265625,0.28515625,0,1024,761,30.285856600035913
S2,0.001,4,14,2292,3865,0.01220703125000009,0.115234375,0.6044921875,0.2802734375,0,1024,761,31.105841499986127
S2,0.003,4,14,2292,3865,0.01220703125000009,0.1201171875,0.607421875,0.2724609375,0,1024,761,31.249743800028227
S2,0.005,4,14,2292,3865,0.01220703125000009,0.1064453125,0.6494140625,0.244140625,0,1024,761,31.325238200020976
S2,0.01,4,14,2292,3865,0.01220703125000009,0.1103515625,0.6474609375,0.2421875,0,1024,761,31.51722829998471
S2,0.02,4,14,2292,3865,0.01220703125000009,0.1318359375,0.6142578125,0.25390625,0,1024,761,32.26438069995493
S2,0.03,4,14,2292,3865,0.01220703125000009,0.0966796875,0.6552734375,0.248046875,0,1024,761,33.45062660006806
S2,0.05,4,14,2292,3865,0.01220703125000009,0.1279296875,0.6083984375,0.263671875,0,1024,761,31.685205399990082
