scenario,L,p,m,pairs_per_m,shots,n_trials,p_correct,wilson_lo,wilson_hi,mae,bias,p_out_of_range,fn_t0,fp_t0,fn_t1,fp_t1,fn_tq,fp_tq,t_quarter,boot_lo,boot_hi,pair_sd,pairs_used,k,num_qubits,depth,cx,seed_pairs,seed_sim,elapsed_s
S1,8,0.0,0,8,1024,8192,1.0,0.9995312917117791,1.0,0.0,0.0,0.0,0.0,nan,0.0,nan,0.0,nan,2,1.0,1.0,0.0,8,4,28,78,130,20260920,761,0.13961519999429584
S1,8,0.0,1,8,1024,8192,1.0,0.9995312917117791,1.0,0.0,0.0,0.0,nan,0.0,0.0,nan,0.0,nan,2,1.0,1.0,0.0,8,4,28,78,130,20260920,761,0.16484340000897646
S1,8,0.0,2,8,1024,8192,1.0,0.9995312917117791,1.0,0.0,0.0,0.0,nan,0.0,nan,0.0,0.0,nan,2,1.0,1.0,0.0,8,4,28,78,130,20260920,761,0.16647190001094714
S1,8,0.0,3,8,1024,8192,1.0,0.9995312917117791,1.0,0.0,0.0,0.0,nan,0.0,nan,0.0,nan,0.0,2,1.0,1.0,0.0,8,4,28,78,130,20260920,761,0.1592155999969691
S1,8,0.0,4,8,1024,8192,1.0,0.9995312917117791,1.0,0.0,0.0,0.0,nan,0.0,nan,0.0,nan,0.0,2,1.0,1.0,0.0,8,4,28,78,130,20260920,761,0.16731079999590293
S1,8,0.0,5,8,1024,8192,1.0,0.9995312917117791,1.0,0.0,0.0,0.0,nan,0.0,nan,0.0,nan,0.0,2,1.0,1.0,0.0,8,4,28,78,130,20260920,761,0.17030970001360402
S1,8,0.0,6,8,1024,8192,1.0,0.9995312917117791,1.0,0.0,0.0,0.0,nan,0.0,nan,0.0,nan,0.0,2,1.0,1.0,0.0,8,4,28,78,130,20260920,761,0.15763549995608628
S1,8,0.0,7,8,1024,8192,1.0,0.9995312917117791,1.0,0.0,0.0,0.0,nan,0.0,nan,0.0,nan,0.0,2,1.0,1.0,0.0,8,4,28,78,130,20260920,761,0.17691320000449196
S1,8,0.0,8,8,1024,8192,1.0,0.9995312917117791,1.0,0.0,0.0,0.0,nan,0.0,nan,0.0,nan,0.0,2,1.0,1.0,0.0,8,4,28,78,130,20260920,761,0.1731232000165619
S1,8,0.001,0,8,1024,8192,0.93017578125,0.92445304091199,0.9354952676798824,0.437255859375,0.437255859375,0.027099609375,0.06982421875,nan,0.0408935546875,nan,0.0374755859375,nan,2,0.927490234375,0.932373046875,0.0038001781450547533,8,4,28,78,130,20260920,761,20.497594800021034
S1,8,0.001,1,8,1024,8192,0.9281005859375,0.9223037620731902,0.9334961012161676,0.299560546875,0.278564453125,0.0203857421875,nan,0.010498046875,0.0614013671875,nan,0.0318603515625,nan,2,0.92431640625,0.9322509765625,0.006086052025186645,8,4,28,78,130,20260920,761,20.570976499991957
S1,8,0.001,2,8,1024,8192,0.9271240234375,0.9212928068610076,0.9325548468742255,0.2764892578125,0.2344970703125,0.0196533203125,nan,0.003662109375,nan,0.017333984375,0.0555419921875,nan,2,0.9239501953125,0.9302978515625,0.00495035594194389,8,4,28,78,130,20260920,761,20.593326399975922
S1,8,0.001,3,8,1024,8192,0.92138671875,0.9153591970687747,0.9270192255359766,0.270263671875,0.20458984375,0.0205078125,nan,0.0023193359375,nan,0.0059814453125,nan,0.0245361328125,2,0.9158935546875,0.926025390625,0.007760007804226217,8,4,28,78,130,20260920,761,20.46521490003215
S1,8,0.001,4,8,1024,8192,0.9248046875,0.918892953660285,0.9303182023839023,0.23388671875,0.126708984375,0.0174560546875,nan,0.0045166015625,nan,0.007568359375,nan,0.010498046875,2,0.9217529296875,0.92724609375,0.004336012909575908,8,4,28,78,130,20260920,761,20.652132700022776
S1,8,0.001,5,8,1024,8192,0.926025390625,0.9201558324766571,0.931495585510186,0.2099609375,0.097900390625,0.0179443359375,nan,0.0008544921875,nan,0.00390625,nan,0.0064697265625,2,0.9234619140625,0.928466796875,0.003932320923397155,8,4,28,78,130,20260920,761,20.495206999999937
S1,8,0.001,6,8,1024,8192,0.9251708984375,0.9192717707817417,0.9306714638452422,0.2164306640625,0.0953369140625,0.0206298828125,nan,0.0001220703125,nan,0.00146484375,nan,0.00537109375,2,0.919677734375,0.9300537109375,0.007966833231374771,8,4,28,78,130,20260920,761,20.523424500017427
S1,8,0.001,7,8,1024,8192,0.9288330078125,0.923062174221331,0.9342018462336201,0.20068359375,0.06689453125,0.0224609375,nan,0.0008544921875,nan,0.001708984375,nan,0.0029296875,2,0.923095703125,0.935791015625,0.009923905635759168,8,4,28,78,130,20260920,761,20.382814900018275
S1,8,0.001,8,8,1024,8192,0.9246826171875,0.9187666900753388,0.9302004397745829,0.2086181640625,-0.0345458984375,0.02783203125,nan,0.005615234375,nan,0.0064697265625,nan,0.007568359375,2,0.9212646484375,0.9281005859375,0.005308905916430064,8,4,28,78,130,20260920,761,20.348630400025286
S1,8,0.003,0,8,1024,8192,0.808349609375,0.7996825591563054,0.8167276075585271,1.1302490234375,1.1302490234375,0.065673828125,0.191650390625,nan,0.112548828125,nan,0.100830078125,nan,2,0.8021240234375,0.81494140625,0.010023791757254404,8,4,28,78,130,20260920,761,21.248341400001664
S1,8,0.003,1,8,1024,8192,0.7982177734375,0.7893881987368384,0.8067677938539516,0.9093017578125,0.8509521484375,0.062744140625,nan,0.0291748046875,0.172607421875,nan,0.098876953125,nan,2,0.791748046875,0.804931640625,0.010201456257703212,8,4,28,78,130,20260920,761,20.40730879997136
S1,8,0.003,2,8,1024,8192,0.811767578125,0.8031573826221592,0.8200855175321093,0.7265625,0.6201171875,0.0511474609375,nan,0.0101318359375,nan,0.0430908203125,0.1451416015625,nan,2,0.8026123046875,0.8206787109375,0.01387710677050636,8,4,28,78,130,20260920,761,20.205946900008712
S1,8,0.003,3,8,1024,8192,0.7979736328125,0.7891402498242477,0.8065276903780112,0.70947265625,0.54052734375,0.05322265625,nan,0.0062255859375,nan,0.0169677734375,nan,0.061279296875,2,0.7894287109375,0.8060333251953125,0.0126192939953603,8,4,28,78,130,20260920,761,20.40300859999843
S1,8,0.003,4,8,1024,8192,0.8096923828125,0.8010475436329278,0.818046911218826,0.583984375,0.3583984375,0.04345703125,nan,0.0068359375,nan,0.0130615234375,nan,0.0220947265625,2,0.8040771484375,0.8162841796875,0.009517459228180938,8,4,28,78,130,20260920,761,20.27223249996314
S1,8,0.003,5,8,1024,8192,0.8021240234375,0.7933560641500205,0.810608766657268,0.5794677734375,0.2718505859375,0.0484619140625,nan,0.00390625,nan,0.012451171875,nan,0.0181884765625,2,0.794189453125,0.8099365234375,0.012218883754791183,8,4,28,78,130,20260920,761,20.41543259995524
S1,8,0.003,6,8,1024,8192,0.808349609375,0.7996825591563054,0.8167276075585271,0.5826416015625,0.2757568359375,0.0584716796875,nan,0.001708984375,nan,0.0054931640625,nan,0.01318359375,2,0.8037109375,0.8121337890625,0.006556177532092177,8,4,28,78,130,20260920,761,20.428650000016205
S1,8,0.003,7,8,1024,8192,0.803955078125,0.7952164485201234,0.8124087752011486,0.555419921875,0.15234375,0.0616455078125,nan,0.0037841796875,nan,0.00634765625,nan,0.0101318359375,2,0.796875,0.8111572265625,0.010795954121042268,8,4,28,78,130,20260920,761,20.182205999968573
S1,8,0.003,8,8,1024,8192,0.807373046875,0.7986899436790714,0.8157680134816364,0.5584716796875,-0.0865478515625,0.0701904296875,nan,0.014404296875,nan,0.0174560546875,nan,0.02099609375,2,0.8006591796875,0.8138427734375,0.010145378582282968,8,4,28,78,130,20260920,761,20.28229599999031
S1,8,0.005,0,8,1024,8192,0.694580078125,0.684516944491383,0.7044608091679372,1.840576171875,1.840576171875,0.1060791015625,0.305419921875,nan,0.1864013671875,nan,0.16796875,nan,2,0.687744140625,0.701904296875,0.010971204247906177,8,4,28,78,130,20260920,761,21.371177900000475
S1,8,0.005,1,8,1024,8192,0.6881103515625,0.6779922591211933,0.6980521062420517,1.414306640625,1.327392578125,0.097412109375,nan,0.04345703125,0.2684326171875,nan,0.1575927734375,nan,2,0.6790771484375,0.696533203125,0.01337913536854126,8,4,28,78,130,20260920,761,20.248813800048083
S1,8,0.005,2,8,1024,8192,0.701904296875,0.6919061798070651,0.7117131455081893,1.23681640625,1.067138671875,0.0902099609375,nan,0.0174560546875,nan,0.0673828125,0.230712890625,nan,2,0.6943359375,0.71044921875,0.012579420373348228,8,4,28,78,130,20260920,761,20.76554410002427
S1,8,0.005,3,8,1024,8192,0.685546875,0.6754076385526224,0.6955121767310455,1.1524658203125,0.8704833984375,0.0863037109375,nan,0.0125732421875,nan,0.0303955078125,nan,0.0980224609375,2,0.6729736328125,0.6968994140625,0.018864166008800635,8,4,28,78,130,20260920,761,21.173144899948966
S1,8,0.005,4,8,1024,8192,0.6976318359375,0.6875954281244513,0.7074829803915083,0.9830322265625,0.5997314453125,0.07421875,nan,0.013916015625,nan,0.025634765625,nan,0.0406494140625,2,0.693359375,0.7021484375,0.006724163928456876,8,4,28,78,130,20260920,761,20.366096500016283
S1,8,0.005,5,8,1024,8192,0.696533203125,0.6864871143456096,0.7063950584219597,0.9437255859375,0.4735107421875,0.0804443359375,nan,0.0074462890625,nan,0.020751953125,nan,0.031005859375,2,0.6876220703125,0.7073974609375,0.01540326413469136,8,4,28,78,130,20260920,761,20.454171199991833
S1,8,0.005,6,8,1024,8192,0.697265625,0.6872259827206799,0.707120347212483,0.91650390625,0.37255859375,0.0887451171875,nan,0.003662109375,nan,0.0106201171875,nan,0.025634765625,2,0.6915283203125,0.703857421875,0.009511194502823277,8,4,28,78,130,20260920,761,22.120937900035642
S1,8,0.005,7,8,1024,8192,0.697265625,0.6872259827206799,0.707120347212483,0.9090576171875,0.2503662109375,0.1026611328125,nan,0.0067138671875,nan,0.0101318359375,nan,0.018310546875,2,0.6904296875,0.7047119140625,0.011048543456039806,8,4,28,78,130,20260920,761,21.32462760002818
S1,8,0.005,8,8,1024,8192,0.7003173828125,0.6903049237108034,0.7101420610789986,0.90380859375,-0.1494140625,0.10888671875,nan,0.02392578125,nan,0.0286865234375,nan,0.0345458984375,2,0.6895751953125,0.7086181640625,0.014749811979485562,8,4,28,78,130,20260920,761,20.803562899993267
S1,8,0.01,0,8,1024,8192,0.497802734375,0.4869790328367705,0.5086284956664492,3.095703125,3.095703125,0.180908203125,0.502197265625,nan,0.333251953125,nan,0.2899169921875,nan,2,0.4863250732421875,0.509033203125,0.01723965744290196,8,4,28,78,130,20260920,761,21.648762199969497
S1,8,0.01,1,8,1024,8192,0.4990234375,0.48819907996956313,0.5098487104763123,2.4736328125,2.35107421875,0.168212890625,nan,0.061279296875,0.439697265625,nan,0.290283203125,nan,2,0.4918212890625,0.5062255859375,0.01130452822538108,8,4,28,78,130,20260920,761,20.526162400026806
S1,8,0.01,2,8,1024,8192,0.494384765625,0.48356324397569544,0.5052115510880884,2.1834716796875,1.9124755859375,0.1563720703125,nan,0.02880859375,nan,0.106689453125,0.39892578125,nan,2,0.486572265625,0.502197265625,0.011991683076001328,8,4,28,78,130,20260920,761,20.44566259998828
S1,8,0.01,3,8,1024,8192,0.5009765625,0.49015128952368775,0.5118009200304369,1.9066162109375,1.4647216796875,0.1407470703125,nan,0.0218505859375,nan,0.052734375,nan,0.1463623046875,2,0.4877899169921875,0.513916015625,0.020384541289344946,8,4,28,78,130,20260920,761,20.368201999983285
S1,8,0.01,4,8,1024,8192,0.5029296875,0.4921036641758552,0.5137529644865186,1.713134765625,1.079833984375,0.1331787109375,nan,0.02099609375,nan,0.0435791015625,nan,0.072998046875,2,0.4906005859375,0.5152587890625,0.01909387512380092,8,4,28,78,130,20260920,761,20.34784269996453
S1,8,0.01,5,8,1024,8192,0.5030517578125,0.49222569307351866,0.5138749617831208,1.5921630859375,0.7620849609375,0.134765625,nan,0.0128173828125,nan,0.0355224609375,nan,0.05712890625,2,0.495361328125,0.5135498046875,0.014356631277333162,8,4,28,78,130,20260920,761,20.57604650000576
S1,8,0.01,6,8,1024,8192,0.5059814453125,0.4951545801088951,0.5168027034101178,1.567138671875,0.594970703125,0.1527099609375,nan,0.009765625,nan,0.0250244140625,nan,0.0467529296875,2,0.4957275390625,0.5169677734375,0.016609254225250905,8,4,28,78,130,20260920,761,20.618703400017694
S1,8,0.01,7,8,1024,8192,0.49853515625,0.4877110533774352,0.509360632291378,1.584716796875,0.3779296875,0.1724853515625,nan,0.0123291015625,nan,0.023681640625,nan,0.0391845703125,2,0.4892578125,0.508056640625,0.01441877251975918,8,4,28,78,130,20260920,761,20.27988990000449
S1,8,0.01,8,8,1024,8192,0.4921875,0.48136764674538735,0.5030146768216162,1.5491943359375,-0.2559814453125,0.1832275390625,nan,0.0343017578125,nan,0.045654296875,nan,0.057861328125,2,0.481201171875,0.5052490234375,0.01871188695212623,8,4,28,78,130,20260920,761,20.27057049999712
S1,8,0.02,0,8,1024,8192,0.2691650390625,0.259670433708761,0.27887603293504415,4.8603515625,4.8603515625,0.2857666015625,0.7308349609375,nan,0.5552978515625,nan,0.475341796875,nan,2,0.26025390625,0.2783203125,0.014035128643279776,8,4,28,78,130,20260920,761,21.018734699988272
S1,8,0.02,1,8,1024,8192,0.2696533203125,0.2601529946216282,0.27936957679923924,3.9852294921875,3.8294677734375,0.2684326171875,nan,0.077880859375,0.6524658203125,nan,0.4896240234375,nan,2,0.2613525390625,0.27880859375,0.013546112225124479,8,4,28,78,130,20260920,761,20.527848900004756
S1,8,0.02,2,8,1024,8192,0.2801513671875,0.2705315824799728,0.28997724164773375,3.47900390625,3.112548828125,0.251953125,nan,0.046142578125,nan,0.1370849609375,0.582763671875,nan,2,0.270263671875,0.29101867675781246,0.015905318051685262,8,4,28,78,130,20260920,761,20.32392539997818
S1,8,0.02,3,8,1024,8192,0.2794189453125,0.2698072786738914,0.28923738828822165,3.0218505859375,2.3680419921875,0.230224609375,nan,0.0382080078125,nan,0.089111328125,nan,0.1995849609375,2,0.2646484375,0.2928466796875,0.021976143696454783,8,4,28,78,130,20260920,761,20.4766246000072
S1,8,0.02,4,8,1024,8192,0.2908935546875,0.2811583468686309,0.30082478235444593,2.7552490234375,1.8292236328125,0.2264404296875,nan,0.0345458984375,nan,0.06982421875,nan,0.1185302734375,2,0.2789276123046875,0.303466796875,0.018780474647456257,8,4,28,78,130,20260920,761,20.42763470002683
S1,8,0.02,5,8,1024,8192,0.2840576171875,0.27439507537236396,0.2939225869718408,2.561279296875,1.30224609375,0.229248046875,nan,0.0252685546875,nan,0.0635986328125,nan,0.098876953125,2,0.274658203125,0.2938232421875,0.015042481891825233,8,4,28,78,130,20260920,761,20.432064799999353
S1,8,0.02,6,8,1024,8192,0.2822265625,0.27258395033671967,0.29207331909350154,2.50537109375,0.93017578125,0.2479248046875,nan,0.0206298828125,nan,0.0501708984375,nan,0.0867919921875,2,0.2738037109375,0.291748046875,0.013761267071046534,8,4,28,78,130,20260920,761,20.79552899999544
S1,8,0.02,7,8,1024,8192,0.273681640625,0.26413468284789393,0.28344075298373733,2.448486328125,0.450439453125,0.26416015625,nan,0.023681640625,nan,0.0439453125,nan,0.074462890625,2,0.265869140625,0.280029296875,0.010896442189658885,8,4,28,78,130,20260920,761,20.250394299975596
S1,8,0.02,8,8,1024,8192,0.2706298828125,0.261118160687609,0.280356620287383,2.4202880859375,-0.3526611328125,0.2825927734375,nan,0.0472412109375,nan,0.066650390625,nan,0.09130859375,2,0.25830078125,0.28259582519531246,0.018517478404025983,8,4,28,78,130,20260920,761,20.52904380002292
S1,8,0.03,0,8,1024,8192,0.171875,0.16385953722687202,0.180198052587273,5.7811279296875,5.7811279296875,0.3428955078125,0.828125,nan,0.673828125,nan,0.5838623046875,nan,2,0.1663818359375,0.177001953125,0.008269949963883331,8,4,28,78,130,20260920,761,21.53734009998152
S1,8,0.03,1,8,1024,8192,0.171875,0.16385953722687202,0.180198052587273,4.8702392578125,4.7154541015625,0.324462890625,nan,0.077392578125,0.750732421875,nan,0.60302734375,nan,2,0.1619873046875,0.1812744140625,0.015056626744678617,8,4,28,78,130,20260920,761,20.4007517999853
S1,8,0.03,2,8,1024,8192,0.185302734375,0.17703711494004518,0.19386335624331266,4.203857421875,3.8125,0.30322265625,nan,0.0533447265625,nan,0.142333984375,0.67236328125,nan,2,0.172119140625,0.1982421875,0.020228554108791617,8,4,28,78,130,20260920,761,20.040796000044793
S1,8,0.03,3,8,1024,8192,0.1832275390625,0.17499945751151655,0.19175256836932655,3.6773681640625,2.9395751953125,0.286376953125,nan,0.0472412109375,nan,0.1080322265625,nan,0.213623046875,2,0.1751678466796875,0.19140930175781246,0.012764209298617109,8,4,28,78,130,20260920,761,20.595312999968883
S1,8,0.03,4,8,1024,8192,0.181396484375,0.1732018583464047,0.18988977462045484,3.366943359375,2.26220703125,0.281982421875,nan,0.0430908203125,nan,0.0914306640625,nan,0.1551513671875,2,0.1749267578125,0.1883544921875,0.010198951910971551,8,4,28,78,130,20260920,761,20.46805859997403
S1,8,0.03,5,8,1024,8192,0.1849365234375,0.1766774993396389,0.19349089326092223,3.146484375,1.638671875,0.287109375,nan,0.0355224609375,nan,0.0811767578125,nan,0.1292724609375,2,0.1790771484375,0.190185546875,0.008764808735290513,8,4,28,78,130,20260920,761,20.175509699969552
S1,8,0.03,6,8,1024,8192,0.1795654296875,0.17140457602039008,0.18802666403248589,3.0509033203125,1.1783447265625,0.315673828125,nan,0.030517578125,nan,0.0662841796875,nan,0.1085205078125,2,0.1728515625,0.1856689453125,0.009937624537260836,8,4,28,78,130,20260920,761,20.446588699996937
S1,8,0.03,7,8,1024,8192,0.17041015625,0.16242305276387228,0.17870622271908584,2.950439453125,0.46044921875,0.319580078125,nan,0.02734375,nan,0.0592041015625,nan,0.0999755859375,2,0.1636962890625,0.1785888671875,0.011578400625695552,8,4,28,78,130,20260920,761,20.448151700024027
S1,8,0.03,8,8,1024,8192,0.177490234375,0.16936804385025298,0.1859147509001083,2.933349609375,-0.404541015625,0.33154296875,nan,0.0443115234375,nan,0.0771484375,nan,0.1126708984375,2,0.1684539794921875,0.18603515625,0.013609451721685909,8,4,28,78,130,20260920,761,20.238378999987617
S1,8,0.05,0,8,1024,8192,0.0908203125,0.08478803584689348,0.0972361609749123,6.6856689453125,6.6856689453125,0.3939208984375,0.9091796875,nan,0.79833984375,nan,0.7047119140625,nan,2,0.085693359375,0.09521484375,0.007382118613461469,8,4,28,78,130,20260920,761,20.9208088000305
S1,8,0.05,1,8,1024,8192,0.09765625,0.09141537570520315,0.10427428799547463,5.7396240234375,5.5953369140625,0.3734130859375,nan,0.0721435546875,0.8302001953125,nan,0.72265625,nan,2,0.09033203125,0.1036376953125,0.010387561645639668,8,4,28,78,130,20260920,761,20.31200670002727
S1,8,0.05,2,8,1024,8192,0.1041259765625,0.09769659599713004,0.110926455999623,4.987548828125,4.600830078125,0.3580322265625,nan,0.0595703125,nan,0.1337890625,0.7620849609375,nan,2,0.0989990234375,0.1094970703125,0.008085652748501503,8,4,28,78,130,20260920,761,20.39265739999246
S1,8,0.05,3,8,1024,8192,0.1031494140625,0.09674796186626969,0.1099228805763588,4.41748046875,3.618896484375,0.3485107421875,nan,0.0594482421875,nan,0.126953125,nan,0.212890625,2,0.0986328125,0.1080322265625,0.00713697600074416,8,4,28,78,130,20260920,761,20.46971420000773
S1,8,0.05,4,8,1024,8192,0.106201171875,0.09971304132119098,0.11305845597807677,4.0489501953125,2.8626708984375,0.35400390625,nan,0.0467529296875,nan,0.1072998046875,nan,0.1739501953125,2,0.099853515625,0.113037109375,0.010078011445581198,8,4,28,78,130,20260920,761,20.235860399960075
S1,8,0.05,5,8,1024,8192,0.1077880859375,0.10125556695015611,0.11468827087456407,3.7879638671875,2.0423583984375,0.358642578125,nan,0.0472412109375,nan,0.102294921875,nan,0.162109375,2,0.1014404296875,0.1148681640625,0.01047815612005612,8,4,28,78,130,20260920,761,20.163540999987163
S1,8,0.05,6,8,1024,8192,0.10009765625,0.09378467133460962,0.1067855162513796,3.608154296875,1.3173828125,0.3756103515625,nan,0.04638671875,nan,0.0931396484375,nan,0.1451416015625,2,0.094482421875,0.106201171875,0.009101287070479962,8,4,28,78,130,20260920,761,20.191416499961633
S1,8,0.05,7,8,1024,8192,0.10205078125,0.09568096750156008,0.10879363919267826,3.455078125,0.463134765625,0.3726806640625,nan,0.043212890625,nan,0.087890625,nan,0.1351318359375,2,0.097412109375,0.1068115234375,0.007176239480810092,8,4,28,78,130,20260920,761,20.586926899966784
S1,8,0.05,8,8,1024,8192,0.0980224609375,0.09177069255518056,0.10465104972829395,3.4576416015625,-0.4246826171875,0.392578125,nan,0.05224609375,nan,0.0941162109375,nan,0.1417236328125,2,0.088134765625,0.106201171875,0.013878947439037129,8,4,28,78,130,20260920,761,20.093619099992793
S2,8,0.0,0,8,1024,8192,0.663818359375,0.6535139422726772,0.6739692104317192,1.96630859375,1.96630859375,0.0975341796875,0.336181640625,nan,0.219482421875,nan,0.191650390625,nan,2,0.659423828125,0.668701171875,0.007152469162169972,8,4,28,78,130,20260920,761,20.52302939997753
S2,8,0.0,1,8,1024,8192,0.6507568359375,0.6403648649895761,0.6610074849284042,1.64990234375,1.54541015625,0.114990234375,nan,0.05224609375,0.2969970703125,nan,0.1964111328125,nan,2,0.6402557373046875,0.6622314453125,0.017146053129823605,8,4,28,78,130,20260920,761,20.344523900013883
S2,8,0.0,2,8,1024,8192,0.660400390625,0.6500722264729739,0.6705781927919865,1.4317626953125,1.2388916015625,0.1025390625,nan,0.0250244140625,nan,0.0714111328125,0.2681884765625,nan,2,0.6502685546875,0.6700439453125,0.0147711563418354,8,4,28,78,130,20260920,761,19.84380349999992
S2,8,0.0,3,8,1024,8192,0.6387939453125,0.6283292654641901,0.6491285174157642,1.3511962890625,1.0118408203125,0.0992431640625,nan,0.0123291015625,nan,0.0401611328125,nan,0.1171875,2,0.6198699951171875,0.6574737548828125,0.029548941205488965,8,4,28,78,130,20260920,761,19.936739400029182
S2,8,0.0,4,8,1024,8192,0.6529541015625,0.6425762571426958,0.6631885642720647,1.1923828125,0.675048828125,0.0870361328125,nan,0.0269775390625,nan,0.039794921875,nan,0.058837890625,2,0.643798828125,0.664794921875,0.016662485869874566,8,4,28,78,130,20260920,761,20.246196700027213
S2,8,0.0,5,8,1024,8192,0.640869140625,0.6304165684436958,0.6511896597387732,1.15234375,0.519775390625,0.0989990234375,nan,0.0074462890625,nan,0.0345458984375,nan,0.044677734375,2,0.631103515625,0.650634765625,0.015036253941135414,8,4,28,78,130,20260920,761,20.16688360000262
S2,8,0.0,6,8,1024,8192,0.64111328125,0.6306621473554689,0.6514321332155312,1.1580810546875,0.4407958984375,0.1107177734375,nan,0.0048828125,nan,0.0128173828125,nan,0.0390625,2,0.633544921875,0.6484375,0.011507584055413661,8,4,28,78,130,20260920,761,20.075829999987036
S2,8,0.0,7,8,1024,8192,0.6328125,0.6223140949003312,0.6431864044606102,1.13671875,0.24755859375,0.1173095703125,nan,0.0078125,nan,0.0126953125,nan,0.0223388671875,2,0.621337890625,0.64208984375,0.016223874732261865,8,4,28,78,130,20260920,761,19.93622759997379
S2,8,0.0,8,8,1024,8192,0.6397705078125,0.6293114994590063,0.6500984929750726,1.1290283203125,-0.3109130859375,0.1302490234375,nan,0.0421142578125,nan,0.0477294921875,nan,0.0545654296875,2,0.6322021484375,0.646728515625,0.011381846860008472,8,4,28,78,130,20260920,761,19.845854299957864
S2,8,0.001,0,8,1024,8192,0.6202392578125,0.6096755742845514,0.630690227067036,2.2718505859375,2.2718505859375,0.1153564453125,0.3797607421875,nan,0.2530517578125,nan,0.221923828125,nan,2,0.6119384765625,0.6298828125,0.013596306421092724,8,4,28,78,130,20260920,761,42.007474299985915
S2,8,0.001,1,8,1024,8192,0.6044921875,0.593857285378958,0.6150291369123709,1.8565673828125,1.7423095703125,0.1282958984375,nan,0.05712890625,0.33837890625,nan,0.22216796875,nan,2,0.5946044921875,0.61474609375,0.015694599453599592,8,4,28,78,130,20260920,761,26.857835000031628
S2,8,0.001,2,8,1024,8192,0.6138916015625,0.6032978132134899,0.624378626036288,1.6365966796875,1.4056396484375,0.117919921875,nan,0.0302734375,nan,0.085205078125,0.3009033203125,nan,2,0.60986328125,0.6180419921875,0.006370419777596088,8,4,28,78,130,20260920,761,26.740497099992353
S2,8,0.001,3,8,1024,8192,0.5950927734375,0.5844208464394887,0.6056755588933911,1.5164794921875,1.1319580078125,0.112060546875,nan,0.0150146484375,nan,0.0479736328125,nan,0.1292724609375,2,0.57763671875,0.610595703125,0.02539565487181289,8,4,28,78,130,20260920,761,27.368354100035504
S2,8,0.001,4,8,1024,8192,0.604736328125,0.5941024419528,0.61527203272706,1.3614501953125,0.7916259765625,0.1007080078125,nan,0.0283203125,nan,0.042236328125,nan,0.064697265625,2,0.5955810546875,0.6156036376953125,0.015500251873448572,8,4,28,78,130,20260920,761,27.762600300018676
S2,8,0.001,5,8,1024,8192,0.5926513671875,0.5819704862972025,0.6032453951503659,1.305908203125,0.59423828125,0.1107177734375,nan,0.0096435546875,nan,0.039306640625,nan,0.0509033203125,2,0.58251953125,0.603515625,0.01630293304907802,8,4,28,78,130,20260920,761,27.56222839996917
S2,8,0.001,6,8,1024,8192,0.5933837890625,0.5827055657619598,0.6039744728512022,1.301513671875,0.49755859375,0.126220703125,nan,0.0048828125,nan,0.013916015625,nan,0.0438232421875,2,0.5861785888671875,0.6011962890625,0.011659746128600415,8,4,28,78,130,20260920,761,27.332135499978904
S2,8,0.001,7,8,1024,8192,0.590576171875,0.5798878939395146,0.6011795422055392,1.2935791015625,0.3133544921875,0.13818359375,nan,0.0087890625,nan,0.0150146484375,nan,0.0260009765625,2,0.581787109375,0.5979034423828125,0.012514269721909946,8,4,28,78,130,20260920,761,27.84580090001691
S2,8,0.001,8,8,1024,8192,0.5946044921875,0.5839307526270218,0.6051895479287958,1.2562255859375,-0.2840576171875,0.151123046875,nan,0.04150390625,nan,0.0472412109375,nan,0.055419921875,2,0.5860595703125,0.6021728515625,0.012597683286585051,8,4,28,78,130,20260920,761,27.789250799978618
S2,8,0.003,0,8,1024,8192,0.547607421875,0.536809428864625,0.5583607868989477,2.7144775390625,2.7144775390625,0.143310546875,0.452392578125,nan,0.29931640625,nan,0.2611083984375,nan,2,0.5372314453125,0.5576171875,0.015959297041990846,8,4,28,78,130,20260920,761,44.097887800016906
S2,8,0.003,1,8,1024,8192,0.5272216796875,0.5164001319817206,0.5380177093395018,2.33837890625,2.208984375,0.1622314453125,nan,0.064697265625,0.4080810546875,nan,0.2789306640625,nan,2,0.516845703125,0.539306640625,0.017681965577805107,8,4,28,78,130,20260920,761,28.303706799983047
S2,8,0.003,2,8,1024,8192,0.53955078125,0.5287413106075817,0.5503231763344633,1.9415283203125,1.6602783203125,0.137451171875,nan,0.0357666015625,nan,0.1048583984375,0.3555908203125,nan,2,0.528564453125,0.5499267578125,0.016490403856905363,8,4,28,78,130,20260920,761,28.69795610004803
S2,8,0.003,3,8,1024,8192,0.525634765625,0.514812144083256,0.5364333567125139,1.8277587890625,1.4005126953125,0.1365966796875,nan,0.019287109375,nan,0.0518798828125,nan,0.1424560546875,2,0.513427734375,0.5352813720703125,0.016807497030740092,8,4,28,78,130,20260920,761,27.956643399957102
S2,8,0.003,4,8,1024,8192,0.537841796875,0.5270302565353284,0.5486178636869985,1.62744140625,0.984619140625,0.125732421875,nan,0.0299072265625,nan,0.0478515625,nan,0.073974609375,2,0.5277099609375,0.548583984375,0.016230171598298402,8,4,28,78,130,20260920,761,28.92122749995906
S2,8,0.003,5,8,1024,8192,0.523681640625,0.5128578476440969,0.5344832340434239,1.5469970703125,0.7010498046875,0.1312255859375,nan,0.0118408203125,nan,0.044921875,nan,0.0623779296875,2,0.5115966796875,0.5341796875,0.01766124630536794,8,4,28,78,130,20260920,761,28.46805399999721
S2,8,0.003,6,8,1024,8192,0.52783203125,0.5170109257053154,0.5386270465872348,1.5399169921875,0.5972900390625,0.1529541015625,nan,0.0074462890625,nan,0.018310546875,nan,0.052490234375,2,0.51806640625,0.5361328125,0.014035735318533178,8,4,28,78,130,20260920,761,28.322274500038475
S2,8,0.003,7,8,1024,8192,0.513916015625,0.5030888486068738,0.5247301375394015,1.5634765625,0.373291015625,0.1669921875,nan,0.0096435546875,nan,0.016357421875,nan,0.034423828125,2,0.504150390625,0.5213623046875,0.013679346650981255,8,4,28,78,130,20260920,761,28.297623499995098
S2,8,0.003,8,8,1024,8192,0.5208740234375,0.5100488367079254,0.5316796425114871,1.5064697265625,-0.2901611328125,0.181396484375,nan,0.042724609375,nan,0.051025390625,nan,0.0611572265625,2,0.511962890625,0.5302734375,0.014131865403922198,8,4,28,78,130,20260920,761,28.225510199961718
S2,8,0.005,0,8,1024,8192,0.475341796875,0.4645416839094711,0.4861650248488835,3.2005615234375,3.2005615234375,0.1787109375,0.524658203125,nan,0.3572998046875,nan,0.307861328125,nan,2,0.468994140625,0.480712890625,0.009216568437015226,8,4,28,78,130,20260920,761,43.73028409999097
S2,8,0.005,1,8,1024,8192,0.4609375,0.45016404283491046,0.47174757500010683,2.685791015625,2.53857421875,0.183349609375,nan,0.0736083984375,0.4654541015625,nan,0.3203125,nan,2,0.4481170654296875,0.47351379394531246,0.019938554379727438,8,4,28,78,130,20260920,761,28.46680389996618
S2,8,0.005,2,8,1024,8192,0.4752197265625,0.46441980156604046,0.4860428809980486,2.3197021484375,2.0196533203125,0.16845703125,nan,0.0411376953125,nan,0.10888671875,0.4158935546875,nan,2,0.4656982421875,0.4844970703125,0.0143518856755913,8,4,28,78,130,20260920,761,28.4980668000062
S2,8,0.005,3,8,1024,8192,0.4522705078125,0.4415174529923326,0.4630683050498291,2.2088623046875,1.7098388671875,0.1678466796875,nan,0.025634765625,nan,0.064208984375,nan,0.15966796875,2,0.4404296875,0.4637451171875,0.018055562775066644,8,4,28,78,130,20260920,761,28.44025139999576
S2,8,0.005,4,8,1024,8192,0.472412109375,0.46161668636829567,0.48323339372768526,1.8909912109375,1.1456298828125,0.145263671875,nan,0.0335693359375,nan,0.054931640625,nan,0.0909423828125,2,0.4647216796875,0.480712890625,0.012360916204193242,8,4,28,78,130,20260920,761,28.737461099983193
S2,8,0.005,5,8,1024,8192,0.466064453125,0.45528047239655806,0.47688024559761316,1.83203125,0.922119140625,0.1597900390625,nan,0.01611328125,nan,0.0472412109375,nan,0.0692138671875,2,0.4548309326171875,0.476318359375,0.01674252458350916,8,4,28,78,130,20260920,761,28.382940499985125
S2,8,0.005,6,8,1024,8192,0.4622802734375,0.45150394923908915,0.4730919567328494,1.73828125,0.633056640625,0.1676025390625,nan,0.008544921875,nan,0.02490234375,nan,0.05615234375,2,0.453857421875,0.4696044921875,0.012230028560441548,8,4,28,78,130,20260920,761,28.22278849995928
S2,8,0.005,7,8,1024,8192,0.4471435546875,0.4364041194109817,0.4579325384720261,1.7935791015625,0.3690185546875,0.192138671875,nan,0.0146484375,nan,0.0242919921875,nan,0.0465087890625,2,0.4359130859375,0.4559326171875,0.01547991285167903,8,4,28,78,130,20260920,761,28.878828099987004
S2,8,0.005,8,8,1024,8192,0.463134765625,0.45235665793229896,0.4739474313994986,1.731689453125,-0.299072265625,0.204345703125,nan,0.045654296875,nan,0.056396484375,nan,0.068359375,2,0.4530029296875,0.4715576171875,0.014033308460156166,8,4,28,78,130,20260920,761,28.60878369997954
S2,8,0.01,0,8,1024,8192,0.3546142578125,0.3443250550366118,0.3650397475930931,4.1513671875,4.1513671875,0.2332763671875,0.6453857421875,nan,0.4722900390625,nan,0.407958984375,nan,2,0.3438720703125,0.367919921875,0.018495393245757722,8,4,28,78,130,20260920,761,44.44390040001599
S2,8,0.01,1,8,1024,8192,0.3450927734375,0.33487290175639295,0.35545785772059735,3.4444580078125,3.2852783203125,0.2349853515625,nan,0.07958984375,0.5753173828125,nan,0.4112548828125,nan,2,0.3370361328125,0.353271484375,0.012635477771161271,8,4,28,78,130,20260920,761,28.427512699970976
S2,8,0.01,2,8,1024,8192,0.3475341796875,0.3372960991409299,0.35791518422137186,3.021240234375,2.663818359375,0.2161865234375,nan,0.04736328125,nan,0.13134765625,0.5211181640625,nan,2,0.3389892578125,0.35534973144531246,0.012790865293606747,8,4,28,78,130,20260920,761,28.272808499983512
S2,8,0.01,3,8,1024,8192,0.3453369140625,0.33511520801516737,0.35570360385035416,2.6385498046875,2.0299072265625,0.19873046875,nan,0.0316162109375,nan,0.0811767578125,nan,0.1915283203125,2,0.3367889404296875,0.35400390625,0.013450227204124256,8,4,28,78,130,20260920,761,28.68636890000198
S2,8,0.01,4,8,1024,8192,0.3580322265625,0.3477192326311119,0.36847830343802895,2.4188232421875,1.5025634765625,0.191162109375,nan,0.040771484375,nan,0.0732421875,nan,0.1165771484375,2,0.3482666015625,0.36792297363281246,0.015209112775702513,8,4,28,78,130,20260920,761,28.799123999953736
S2,8,0.01,5,8,1024,8192,0.343505859375,0.3332979842906111,0.35386043466092687,2.26904296875,1.1025390625,0.2012939453125,nan,0.02294921875,nan,0.0599365234375,nan,0.086669921875,2,0.33251953125,0.355224609375,0.017715162141275626,8,4,28,78,130,20260920,761,28.616021699970588
S2,8,0.01,6,8,1024,8192,0.3558349609375,0.34553719525256676,0.3662678693197938,2.21923828125,0.803466796875,0.2161865234375,nan,0.015380859375,nan,0.040771484375,nan,0.07861328125,2,0.343505859375,0.3675537109375,0.018616537393434246,8,4,28,78,130,20260920,761,28.499599699978717
S2,8,0.01,7,8,1024,8192,0.3370361328125,0.32687848795448937,0.3473465427009733,2.2171630859375,0.4862060546875,0.2406005859375,nan,0.0174560546875,nan,0.032958984375,nan,0.0609130859375,2,0.3255615234375,0.3492431640625,0.018532187221043304,8,4,28,78,130,20260920,761,29.102623499988113
S2,8,0.01,8,8,1024,8192,0.3365478515625,0.32639408429313443,0.3468548415852659,2.177978515625,-0.329345703125,0.2568359375,nan,0.0467529296875,nan,0.0643310546875,nan,0.082275390625,2,0.3226318359375,0.34912109375,0.02045085028647128,8,4,28,78,130,20260920,761,30.46468829998048
S2,8,0.02,0,8,1024,8192,0.205810546875,0.19719454616619392,0.21470232565377984,5.36376953125,5.36376953125,0.310302734375,0.794189453125,nan,0.6295166015625,nan,0.53955078125,nan,2,0.1964111328125,0.21533203125,0.01433110519106914,8,4,28,78,130,20260920,761,45.40393069997663
S2,8,0.02,1,8,1024,8192,0.2022705078125,0.19371241807764922,0.21110769410862296,4.5211181640625,4.3509521484375,0.301513671875,nan,0.0850830078125,0.712646484375,nan,0.5633544921875,nan,2,0.198974609375,0.2059326171875,0.005385342807830747,8,4,28,78,130,20260920,761,29.192342899972573
S2,8,0.02,2,8,1024,8192,0.2066650390625,0.1980352142425236,0.21556984093730916,3.9642333984375,3.5699462890625,0.289306640625,nan,0.05224609375,nan,0.1448974609375,0.6484375,nan,2,0.1988525390625,0.2132568359375,0.011279644132139013,8,4,28,78,130,20260920,761,29.111768500006292
S2,8,0.02,3,8,1024,8192,0.21484375,0.20608457937959113,0.2238702308160349,3.5208740234375,2.7943115234375,0.2723388671875,nan,0.0489501953125,nan,0.106201171875,nan,0.2081298828125,2,0.203857421875,0.2257080078125,0.017296856852487576,8,4,28,78,130,20260920,761,28.835216699982993
S2,8,0.02,4,8,1024,8192,0.2216796875,0.21281642317176921,0.23080385390272876,3.1534423828125,2.0889892578125,0.2613525390625,nan,0.043701171875,nan,0.0850830078125,nan,0.1455078125,2,0.2115478515625,0.2333984375,0.01691455866766482,8,4,28,78,130,20260920,761,28.98147269996116
S2,8,0.02,5,8,1024,8192,0.2200927734375,0.21125335507529652,0.22919458147374905,2.9696044921875,1.5240478515625,0.2703857421875,nan,0.037353515625,nan,0.078369140625,nan,0.119384765625,2,0.212890625,0.2274169921875,0.011194776599597046,8,4,28,78,130,20260920,761,28.984782200015616
S2,8,0.02,6,8,1024,8192,0.21435546875,0.20560387150797216,0.2233748339105916,2.858642578125,1.061767578125,0.2908935546875,nan,0.0257568359375,nan,0.0592041015625,nan,0.1033935546875,2,0.205078125,0.2249755859375,0.015440808887540914,8,4,28,78,130,20260920,761,28.575875899987295
S2,8,0.02,7,8,1024,8192,0.2086181640625,0.19995696418591133,0.21755251010217055,2.7838134765625,0.5301513671875,0.3096923828125,nan,0.0281982421875,nan,0.05419921875,nan,0.0892333984375,2,0.203369140625,0.212646484375,0.0073253812321515946,8,4,28,78,130,20260920,761,30.38759369996842
S2,8,0.02,8,8,1024,8192,0.2001953125,0.19167165540104983,0.20900001148270766,2.828369140625,-0.430908203125,0.3187255859375,nan,0.0546875,nan,0.08154296875,nan,0.1129150390625,2,0.1885986328125,0.2100830078125,0.016777072525560047,8,4,28,78,130,20260920,761,27.35113679995993
S2,8,0.03,0,8,1024,8192,0.142822265625,0.1354127918014133,0.1505665637775258,6.0665283203125,6.0665283203125,0.3526611328125,0.857177734375,nan,0.7213134765625,nan,0.62841796875,nan,2,0.1368408203125,0.1485595703125,0.009052506372099854,8,4,28,78,130,20260920,761,23.485884199966677
S2,8,0.03,1,8,1024,8192,0.1414794921875,0.13410041678240128,0.14919465065961654,5.2078857421875,5.0421142578125,0.3436279296875,nan,0.0828857421875,0.775634765625,nan,0.6475830078125,nan,2,0.1312255859375,0.1522216796875,0.016160244231098343,8,4,28,78,130,20260920,761,17.13340300001437
S2,8,0.03,2,8,1024,8192,0.145751953125,0.1382769417290577,0.1535590425122551,4.5419921875,4.130615234375,0.3284912109375,nan,0.0606689453125,nan,0.14501953125,0.709228515625,nan,2,0.1370849609375,0.153564453125,0.012708719740508929,8,4,28,78,130,20260920,761,16.500288999988697
S2,8,0.03,3,8,1024,8192,0.1513671875,0.14376949279884577,0.1592916963786833,4.0201416015625,3.2386474609375,0.31396484375,nan,0.05517578125,nan,0.1187744140625,nan,0.216796875,2,0.1480712890625,0.1553955078125,0.005694288959809864,8,4,28,78,130,20260920,761,16.78654000000097
S2,8,0.03,4,8,1024,8192,0.1524658203125,0.1448445608701135,0.16041286405580574,3.636962890625,2.4794921875,0.307373046875,nan,0.0523681640625,nan,0.100341796875,nan,0.162109375,2,0.1461181640625,0.1588134765625,0.00977172660946753,8,4,28,78,130,20260920,761,16.899913600005675
S2,8,0.03,5,8,1024,8192,0.150634765625,0.14305285941554974,0.15854417259638592,3.4027099609375,1.7550048828125,0.3138427734375,nan,0.043701171875,nan,0.09619140625,nan,0.147705078125,2,0.146240234375,0.1552734375,0.006959384409172387,8,4,28,78,130,20260920,761,16.958480699977372
S2,8,0.03,6,8,1024,8192,0.1492919921875,0.1417391964109485,0.15717354746406587,3.26953125,1.13525390625,0.32763671875,nan,0.03662109375,nan,0.08251953125,nan,0.1307373046875,2,0.1424560546875,0.156494140625,0.01095489364533596,8,4,28,78,130,20260920,761,16.939515300036874
S2,8,0.03,7,8,1024,8192,0.13720703125,0.12992622345235344,0.1448279271903694,3.1859130859375,0.4725341796875,0.34814453125,nan,0.0374755859375,nan,0.0728759765625,nan,0.1197509765625,2,0.13232421875,0.1422119140625,0.007546388580523728,8,4,28,78,130,20260920,761,18.18413710000459
S2,8,0.03,8,8,1024,8192,0.14013671875,0.13278827202102306,0.14782250728407348,3.162109375,-0.411865234375,0.3563232421875,nan,0.05126953125,nan,0.0859375,nan,0.12353515625,2,0.1368408203125,0.1436767578125,0.005193780822819834,8,4,28,78,130,20260920,761,17.030156900000293
S2,8,0.05,0,8,1024,8192,0.09130859375,0.08526107664952025,0.09773922494934782,6.7734375,6.7734375,0.3992919921875,0.90869140625,nan,0.8043212890625,nan,0.7186279296875,nan,2,0.083984375,0.0992431640625,0.012062481206036433,8,4,28,78,130,20260920,761,35.363327600003686
S2,8,0.05,1,8,1024,8192,0.087646484375,0.08171461174893777,0.0939649040219632,5.93701171875,5.78955078125,0.384033203125,nan,0.07373046875,0.838623046875,nan,0.7503662109375,nan,2,0.0804443359375,0.0938720703125,0.010358009490037318,8,4,28,78,130,20260920,761,30.361900600022636
S2,8,0.05,2,8,1024,8192,0.0985107421875,0.09224449120582962,0.10515335585470717,5.130615234375,4.723388671875,0.3712158203125,nan,0.062744140625,nan,0.140869140625,0.7606201171875,nan,2,0.0927734375,0.10400390625,0.008647443804116587,8,4,28,78,130,20260920,761,31.86864020000212
S2,8,0.05,3,8,1024,8192,0.0953369140625,0.08916568473029268,0.10188748127933925,4.5582275390625,3.7838134765625,0.3629150390625,nan,0.06005859375,nan,0.1226806640625,nan,0.2044677734375,2,0.0888671875,0.10205078125,0.010053479379824442,8,4,28,78,130,20260920,761,31.068179699999746
S2,8,0.05,4,8,1024,8192,0.095947265625,0.08975759893086303,0.10251569805009676,4.2340087890625,2.9954833984375,0.3724365234375,nan,0.0540771484375,nan,0.1162109375,nan,0.1837158203125,2,0.09326171875,0.098876953125,0.004359514506696357,8,4,28,78,130,20260920,761,30.825688100012485
S2,8,0.05,5,8,1024,8192,0.0926513671875,0.08656221558021536,0.099122374155574,3.9122314453125,2.1239013671875,0.3765869140625,nan,0.0513916015625,nan,0.1090087890625,nan,0.16748046875,2,0.0842254638671875,0.1019287109375,0.013874038446951818,8,4,28,78,130,20260920,761,29.819545500038657
S2,8,0.05,6,8,1024,8192,0.097412109375,0.09117851318565161,0.10402309812649503,3.656494140625,1.27001953125,0.3817138671875,nan,0.04541015625,nan,0.0970458984375,nan,0.1533203125,2,0.0908203125,0.1044921875,0.010630635281775996,8,4,28,78,130,20260920,761,30.813693700009026
S2,8,0.05,7,8,1024,8192,0.092041015625,0.08597073878032122,0.0984937199841403,3.5594482421875,0.5443115234375,0.3958740234375,nan,0.044677734375,nan,0.090576171875,nan,0.14111328125,2,0.08642578125,0.0992431640625,0.009941907811688102,8,4,28,78,130,20260920,761,30.24779110000236
S2,8,0.05,8,8,1024,8192,0.08642578125,0.08053316003265967,0.09270609379558556,3.5892333984375,-0.4295654296875,0.4034423828125,nan,0.0506591796875,nan,0.09716796875,nan,0.1480712890625,2,0.07958984375,0.09326171875,0.010723146680008726,8,4,28,78,130,20260920,761,30.358318600046914
