scenario,L,p,m,pairs_per_m,shots,n_trials,p_correct,wilson_lo,wilson_hi,mae,p_out_of_range,fn_t0,fp_t0,fn_t1,fp_t1,fn_tq,fp_tq,t_quarter,k,num_qubits,depth,cx,seed_pairs,seed_sim,elapsed_s
S1,2,0.0,0,8,1024,8192,1.0,0.9995312917117791,1.0,0.0,0.0,0.0,nan,0.0,nan,0.0,nan,0,2,8,36,25,20260920,761,0.07839730000705458
S1,2,0.0,1,8,1024,8192,1.0,0.9995312917117791,1.0,0.0,0.0,nan,0.0,0.0,nan,nan,0.0,0,2,8,36,25,20260920,761,0.08870520000346005
S1,2,0.0,2,8,1024,8192,1.0,0.9995312917117791,1.0,0.0,0.0,nan,0.0,nan,0.0,nan,0.0,0,2,8,36,25,20260920,761,0.08832959999563172
S1,2,0.001,0,8,1024,8192,0.9849853515625,0.9821154041004805,0.9874006657166332,0.0263671875,0.004150390625,0.0150146484375,nan,0.0072021484375,nan,0.0150146484375,nan,0,2,8,36,25,20260920,761,1.217700999986846
S1,2,0.001,1,8,1024,8192,0.9869384765625,0.9842416069926727,0.9891788819326903,0.01513671875,0.0020751953125,nan,0.0050048828125,0.008056640625,nan,nan,0.0050048828125,0,2,8,36,25,20260920,761,1.2029019999899901
S1,2,0.001,2,8,1024,8192,0.984375,0.9814534046803112,0.9868425341654747,0.0177001953125,0.00537109375,nan,0.0020751953125,nan,0.01025390625,nan,0.0020751953125,0,2,8,36,25,20260920,761,1.1784862000204157
S1,2,0.003,0,8,1024,8192,0.9566650390625,0.9520377126179645,0.9608642801295367,0.0740966796875,0.0111083984375,0.0433349609375,nan,0.0196533203125,nan,0.0433349609375,nan,0,2,8,36,25,20260920,761,1.2211484999861568
S1,2,0.003,1,8,1024,8192,0.95947265625,0.9549827164559079,0.9635318787597016,0.0479736328125,0.0074462890625,nan,0.01708984375,0.0234375,nan,nan,0.01708984375,0,2,8,36,25,20260920,761,1.1886112000211142
S1,2,0.003,2,8,1024,8192,0.95703125,0.9524215476818153,0.9612125236484826,0.0511474609375,0.0101318359375,nan,0.0081787109375,nan,0.0328369140625,nan,0.0081787109375,0,2,8,36,25,20260920,761,1.1561877999920398
S1,2,0.005,0,8,1024,8192,0.9290771484375,0.923315016024387,0.9344370568190952,0.117431640625,0.0169677734375,0.0709228515625,nan,0.029541015625,nan,0.0709228515625,nan,0,2,8,36,25,20260920,761,1.2666720999986865
S1,2,0.005,1,8,1024,8192,0.9326171875,0.9269834075455868,0.937845424931597,0.08154296875,0.01416015625,nan,0.028076171875,0.039306640625,nan,nan,0.028076171875,0,2,8,36,25,20260920,761,1.2103687999770045
S1,2,0.005,2,8,1024,8192,0.92626953125,0.9204084617713943,0.9317310086039798,0.0885009765625,0.0181884765625,nan,0.0147705078125,nan,0.0555419921875,nan,0.0147705078125,0,2,8,36,25,20260920,761,1.1971734999970067
S1,2,0.01,0,8,1024,8192,0.8597412109375,0.8520527428219676,0.8670924516786703,0.241455078125,0.0377197265625,0.1402587890625,nan,0.0634765625,nan,0.1402587890625,nan,0,2,8,36,25,20260920,761,1.2745346000010613
S1,2,0.01,1,8,1024,8192,0.8704833984375,0.8630383477453915,0.8775811518506168,0.1546630859375,0.025146484375,nan,0.0531005859375,0.076416015625,nan,nan,0.0531005859375,0,2,8,36,25,20260920,761,1.2204440000059549
S1,2,0.01,2,8,1024,8192,0.8612060546875,0.8535498691169706,0.868523639714854,0.1663818359375,0.036865234375,nan,0.027587890625,nan,0.1019287109375,nan,0.027587890625,0,2,8,36,25,20260920,761,1.212857399979839
S1,2,0.02,0,8,1024,8192,0.7518310546875,0.7423606908164475,0.7610653479534255,0.42431640625,0.061767578125,0.2481689453125,nan,0.1143798828125,nan,0.2481689453125,nan,0,2,8,36,25,20260920,761,1.2944589000253472
S1,2,0.02,1,8,1024,8192,0.7593994140625,0.7500229200167584,0.76853274279758,0.287841796875,0.0472412109375,nan,0.09765625,0.1429443359375,nan,nan,0.09765625,0,2,8,36,25,20260920,761,1.22873190001701
S1,2,0.02,2,8,1024,8192,0.7532958984375,0.7438433991845642,0.7625109539164957,0.29833984375,0.062744140625,nan,0.0516357421875,nan,0.1839599609375,nan,0.0516357421875,0,2,8,36,25,20260920,761,1.206300799996825
S1,2,0.03,0,8,1024,8192,0.658203125,0.6478600093703704,0.6683979383978098,0.590576171875,0.0865478515625,0.341796875,nan,0.1622314453125,nan,0.341796875,nan,0,2,8,36,25,20260920,761,1.2510331999801565
S1,2,0.03,1,8,1024,8192,0.671142578125,0.6608910720433488,0.6812336523169819,0.4000244140625,0.0711669921875,nan,0.128662109375,0.2001953125,nan,nan,0.128662109375,0,2,8,36,25,20260920,761,1.2256575000064913
S1,2,0.03,2,8,1024,8192,0.6544189453125,0.6440506530193574,0.6646424827265901,0.4254150390625,0.0904541015625,nan,0.079833984375,nan,0.255126953125,nan,0.079833984375,0,2,8,36,25,20260920,761,1.237517100002151
S1,2,0.05,0,8,1024,8192,0.5283203125,0.5174995723465182,0.5391145047230942,0.8359375,0.125732421875,0.4716796875,nan,0.238525390625,nan,0.4716796875,nan,0,2,8,36,25,20260920,761,1.2700615999929141
S1,2,0.05,1,8,1024,8192,0.5281982421875,0.5173774097142507,0.5389926411610961,0.5792236328125,0.107421875,nan,0.1856689453125,0.2861328125,nan,nan,0.1856689453125,0,2,8,36,25,20260920,761,1.2556866999948397
S1,2,0.05,2,8,1024,8192,0.5322265625,0.5214091188872321,0.5430137963988786,0.5830078125,0.1192626953125,nan,0.115234375,nan,0.3485107421875,nan,0.115234375,0,2,8,36,25,20260920,761,1.2053266000002623
S1,4,0.0,0,8,1024,8192,1.0,0.9995312917117791,1.0,0.0,0.0,0.0,nan,0.0,nan,0.0,nan,1,3,15,54,57,20260920,761,0.11203519999980927
S1,4,0.0,1,8,1024,8192,1.0,0.9995312917117791,1.0,0.0,0.0,nan,0.0,0.0,nan,0.0,nan,1,3,15,54,57,20260920,761,0.10928689999855123
S1,4,0.0,2,8,1024,8192,1.0,0.9995312917117791,1.0,0.0,0.0,nan,0.0,nan,0.0,nan,0.0,1,3,15,54,57,20260920,761,0.11058619999676012
S1,4,0.0,3,8,1024,8192,1.0,0.9995312917117791,1.0,0.0,0.0,nan,0.0,nan,0.0,nan,0.0,1,3,15,54,57,20260920,761,0.10972569999285042
S1,4,0.0,4,8,1024,8192,1.0,0.9995312917117791,1.0,0.0,0.0,nan,0.0,nan,0.0,nan,0.0,1,3,15,54,57,20260920,761,0.10834560001967475
S1,4,0.001,0,8,1024,8192,0.966552734375,0.9624352783086643,0.9702328361743484,0.113037109375,0.012451171875,0.033447265625,nan,0.0189208984375,nan,0.0189208984375,nan,1,3,15,54,57,20260920,761,3.4141748000110965
S1,4,0.001,1,8,1024,8192,0.9647216796875,0.9605039419520095,0.9685037796170196,0.073974609375,0.0087890625,nan,0.0076904296875,0.027587890625,nan,0.027587890625,nan,1,3,15,54,57,20260920,761,3.2758042000059504
S1,4,0.001,2,8,1024,8192,0.9647216796875,0.9605039419520095,0.9685037796170196,0.066162109375,0.0091552734375,nan,0.001953125,nan,0.0133056640625,nan,0.0133056640625,1,3,15,54,57,20260920,761,3.333024399995338
S1,4,0.001,3,8,1024,8192,0.9666748046875,0.9625641418658265,0.9703479988114517,0.054931640625,0.007568359375,nan,0.001708984375,nan,0.003173828125,nan,0.003173828125,1,3,15,54,57,20260920,761,3.309495900000911
S1,4,0.001,4,8,1024,8192,0.9652099609375,0.9610186745823613,0.96896515176373,0.0653076171875,0.010009765625,nan,0.00537109375,nan,0.0072021484375,nan,0.0072021484375,1,3,15,54,57,20260920,761,3.3030102999764495
S1,4,0.003,0,8,1024,8192,0.8973388671875,0.8905789756710951,0.9037262866633387,0.301513671875,0.0291748046875,0.1026611328125,nan,0.051025390625,nan,0.051025390625,nan,1,3,15,54,57,20260920,761,3.2708207999821752
S1,4,0.003,1,8,1024,8192,0.8955078125,0.8886972499686328,0.9019476194518175,0.2232666015625,0.0257568359375,nan,0.0244140625,0.080078125,nan,0.080078125,nan,1,3,15,54,57,20260920,761,3.257532200019341
S1,4,0.003,2,8,1024,8192,0.8951416015625,0.8883209812538607,0.9015918095837928,0.201904296875,0.0267333984375,nan,0.0069580078125,nan,0.0404052734375,nan,0.0404052734375,1,3,15,54,57,20260920,761,3.205008100019768
S1,4,0.003,3,8,1024,8192,0.906982421875,0.9005004730208991,0.9130828586605148,0.1649169921875,0.02734375,nan,0.00537109375,nan,0.009521484375,nan,0.009521484375,1,3,15,54,57,20260920,761,3.1639016999979503
S1,4,0.003,4,8,1024,8192,0.8978271484375,0.891080877993367,0.904200489118129,0.183349609375,0.0274658203125,nan,0.0137939453125,nan,0.0196533203125,nan,0.0196533203125,1,3,15,54,57,20260920,761,3.175804700003937
S1,4,0.005,0,8,1024,8192,0.841552734375,0.8334854337399398,0.8492998578151281,0.4666748046875,0.04736328125,0.158447265625,nan,0.0799560546875,nan,0.0799560546875,nan,1,3,15,54,57,20260920,761,3.259713900013594
S1,4,0.005,1,8,1024,8192,0.8350830078125,0.826890101923123,0.8429618013358695,0.34765625,0.040283203125,nan,0.0389404296875,0.1259765625,nan,0.1259765625,nan,1,3,15,54,57,20260920,761,3.2132205000089016
S1,4,0.005,2,8,1024,8192,0.840087890625,0.8319917520865029,0.847865225137378,0.3040771484375,0.0411376953125,nan,0.0106201171875,nan,0.060302734375,nan,0.060302734375,1,3,15,54,57,20260920,761,3.212022799998522
S1,4,0.005,3,8,1024,8192,0.8443603515625,0.8363489918786945,0.8520489021444814,0.2767333984375,0.0445556640625,nan,0.0076904296875,nan,0.018310546875,nan,0.018310546875,1,3,15,54,57,20260920,761,3.1874152999953367
S1,4,0.005,4,8,1024,8192,0.8402099609375,0.8321162165222032,0.8479847868959433,0.2862548828125,0.0498046875,nan,0.0177001953125,nan,0.027099609375,nan,0.027099609375,1,3,15,54,57,20260920,761,3.1840854000183754
S1,4,0.01,0,8,1024,8192,0.710693359375,0.7007772704459284,0.7204119408564472,0.9002685546875,0.0899658203125,0.289306640625,nan,0.1617431640625,nan,0.1617431640625,nan,1,3,15,54,57,20260920,761,3.2805293000128586
S1,4,0.01,1,8,1024,8192,0.7000732421875,0.6900585892101858,0.7099003431910851,0.6729736328125,0.0810546875,nan,0.066162109375,0.2337646484375,nan,0.2337646484375,nan,1,3,15,54,57,20260920,761,3.230739699996775
S1,4,0.01,2,8,1024,8192,0.7042236328125,0.6942467333805116,0.7140090896257889,0.594482421875,0.0863037109375,nan,0.0223388671875,nan,0.1033935546875,nan,0.1033935546875,1,3,15,54,57,20260920,761,3.193841700005578
S1,4,0.01,3,8,1024,8192,0.7130126953125,0.7031189952486785,0.7227067137447429,0.531494140625,0.0892333984375,nan,0.0162353515625,nan,0.0357666015625,nan,0.0357666015625,1,3,15,54,57,20260920,761,3.15606619999744
S1,4,0.01,4,8,1024,8192,0.7113037109375,0.7013934834651239,0.7210158588085795,0.5322265625,0.085693359375,nan,0.034912109375,nan,0.05224609375,nan,0.05224609375,1,3,15,54,57,20260920,761,3.2949874000041746
S1,4,0.02,0,8,1024,8192,0.5347900390625,0.5239751198845235,0.5455723454811643,1.48193359375,0.1475830078125,0.4652099609375,nan,0.2813720703125,nan,0.2813720703125,nan,1,3,15,54,57,20260920,761,3.310713199985912
S1,4,0.02,1,8,1024,8192,0.50634765625,0.4955207171112977,0.517168644990512,1.1865234375,0.14697265625,nan,0.10107421875,0.392578125,nan,0.392578125,nan,1,3,15,54,57,20260920,761,3.185534499993082
S1,4,0.02,2,8,1024,8192,0.529296875,0.5184768967357548,0.5400893898879823,0.9658203125,0.1376953125,nan,0.0411376953125,nan,0.167724609375,nan,0.167724609375,1,3,15,54,57,20260920,761,3.2012574000109453
S1,4,0.02,3,8,1024,8192,0.524658203125,0.5138349751511164,0.5354583160905289,0.9110107421875,0.150390625,nan,0.034912109375,nan,0.0789794921875,nan,0.0789794921875,1,3,15,54,57,20260920,761,3.1992283000145108
S1,4,0.02,4,8,1024,8192,0.51025390625,0.49942653974357853,0.5210716605747295,0.9312744140625,0.16259765625,nan,0.0555419921875,nan,0.0894775390625,nan,0.0894775390625,1,3,15,54,57,20260920,761,3.257164800015744
S1,4,0.03,0,8,1024,8192,0.394287109375,0.383756411614502,0.4049169041515135,2.017822265625,0.20654296875,0.605712890625,nan,0.3975830078125,nan,0.3975830078125,nan,1,3,15,54,57,20260920,761,3.29905209998833
S1,4,0.03,1,8,1024,8192,0.39697265625,0.38642829586847816,0.4076135961713798,1.52197265625,0.1900634765625,nan,0.1138916015625,0.4891357421875,nan,0.4891357421875,nan,1,3,15,54,57,20260920,761,3.3782698000140954
S1,4,0.03,2,8,1024,8192,0.403564453125,0.3929879671993853,0.41423133933081363,1.3023681640625,0.194580078125,nan,0.0579833984375,nan,0.1993408203125,nan,0.1993408203125,1,3,15,54,57,20260920,761,3.2094616000249516
S1,4,0.03,3,8,1024,8192,0.4005126953125,0.3899508338947425,0.41116781777881706,1.16796875,0.1976318359375,nan,0.04638671875,nan,0.10888671875,nan,0.10888671875,1,3,15,54,57,20260920,761,3.222950299998047
S1,4,0.03,4,8,1024,8192,0.38671875,0.3762283584990314,0.3973153332225186,1.209716796875,0.2098388671875,nan,0.072021484375,nan,0.1243896484375,nan,0.1243896484375,1,3,15,54,57,20260920,761,3.2449304000183474
S1,4,0.05,0,8,1024,8192,0.2572021484375,0.2478523724779806,0.26677952712779857,2.638427734375,0.2781982421875,0.7427978515625,nan,0.5391845703125,nan,0.5391845703125,nan,1,3,15,54,57,20260920,761,3.31796879999456
S1,4,0.05,1,8,1024,8192,0.264404296875,0.25496624332647655,0.2740632017409713,1.992431640625,0.2564697265625,nan,0.12646484375,0.609130859375,nan,0.609130859375,nan,1,3,15,54,57,20260920,761,3.2144610000250395
S1,4,0.05,2,8,1024,8192,0.2701416015625,0.26063557028964507,0.2798631059082846,1.66650390625,0.2574462890625,nan,0.0855712890625,nan,0.232421875,nan,0.232421875,1,3,15,54,57,20260920,761,3.2649101999995764
S1,4,0.05,3,8,1024,8192,0.260009765625,0.25062518177074306,0.2696193203031442,1.5177001953125,0.2642822265625,nan,0.0701904296875,nan,0.1646728515625,nan,0.1646728515625,1,3,15,54,57,20260920,761,3.2504258999833837
S1,4,0.05,4,8,1024,8192,0.23486328125,0.2258091270085741,0.24416597904660556,1.5643310546875,0.284912109375,nan,0.088134765625,nan,0.15966796875,nan,0.15966796875,1,3,15,54,57,20260920,761,3.2146400999918114
S1,6,0.0,0,8,1024,8192,1.0,0.9995312917117791,1.0,0.0,0.0,0.0,nan,0.0,nan,0.0,nan,1,3,21,60,81,20260920,761,0.1182785999844782
S1,6,0.0,1,8,1024,8192,1.0,0.9995312917117791,1.0,0.0,0.0,nan,0.0,0.0,nan,0.0,nan,1,3,21,60,81,20260920,761,0.12958870001602918
S1,6,0.0,2,8,1024,8192,1.0,0.9995312917117791,1.0,0.0,0.0,nan,0.0,nan,0.0,nan,0.0,1,3,21,60,81,20260920,761,0.126371200021822
S1,6,0.0,3,8,1024,8192,1.0,0.9995312917117791,1.0,0.0,0.0,nan,0.0,nan,0.0,nan,0.0,1,3,21,60,81,20260920,761,0.14453479999792762
S1,6,0.0,4,8,1024,8192,1.0,0.9995312917117791,1.0,0.0,0.0,nan,0.0,nan,0.0,nan,0.0,1,3,21,60,81,20260920,761,0.12933789999806322
S1,6,0.0,5,8,1024,8192,1.0,0.9995312917117791,1.0,0.0,0.0,nan,0.0,nan,0.0,nan,0.0,1,3,21,60,81,20260920,761,0.1277414000069257
S1,6,0.0,6,8,1024,8192,1.0,0.9995312917117791,1.0,0.0,0.0,nan,0.0,nan,0.0,nan,0.0,1,3,21,60,81,20260920,761,0.12682390000554733
S1,6,0.001,0,8,1024,8192,0.94921875,0.9442503354807397,0.9537660594165618,0.145751953125,0.0068359375,0.05078125,nan,0.02294921875,nan,0.02294921875,nan,1,3,21,60,81,20260920,761,6.350036300020292
S1,6,0.001,1,8,1024,8192,0.9552001953125,0.950503218738653,0.9594704596776614,0.0958251953125,0.002197265625,nan,0.009521484375,0.0352783203125,nan,0.0352783203125,nan,1,3,21,60,81,20260920,761,6.25909259999753
S1,6,0.001,2,8,1024,8192,0.955322265625,0.9506310424549985,0.9595866621555814,0.082763671875,0.00439453125,nan,0.001220703125,nan,0.01318359375,nan,0.01318359375,1,3,21,60,81,20260920,761,6.348509200004628
S1,6,0.001,3,8,1024,8192,0.951904296875,0.9470552984793156,0.9563296726918286,0.082275390625,0.00537109375,nan,0.003662109375,nan,0.00537109375,nan,0.00537109375,1,3,21,60,81,20260920,761,6.350400099996477
S1,6,0.001,4,8,1024,8192,0.951416015625,0.9465450187946195,0.9558638475994622,0.088134765625,0.00341796875,nan,0.00634765625,nan,0.0098876953125,nan,0.0098876953125,1,3,21,60,81,20260920,761,6.416768299997784
S1,6,0.001,5,8,1024,8192,0.9498291015625,0.9448874940442612,0.954349031824368,0.09521484375,0.0020751953125,nan,0.005126953125,nan,0.010498046875,nan,0.010498046875,1,3,21,60,81,20260920,761,6.327885799983051
S1,6,0.001,6,8,1024,8192,0.9520263671875,0.9471828888357353,0.9564461085296744,0.107666015625,0.0059814453125,nan,0.0030517578125,nan,0.008056640625,nan,0.008056640625,1,3,21,60,81,20260920,761,6.425045899988618
S1,6,0.003,0,8,1024,8192,0.859619140625,0.851927994851692,0.8669731734546804,0.400390625,0.0159912109375,0.140380859375,nan,0.06787109375,nan,0.06787109375,nan,1,3,21,60,81,20260920,761,6.411145299993223
S1,6,0.003,1,8,1024,8192,0.87109375,0.863663008878509,0.878176621688827,0.2672119140625,0.0068359375,nan,0.0255126953125,0.1033935546875,nan,0.1033935546875,nan,1,3,21,60,81,20260920,761,6.273683599982178
S1,6,0.003,2,8,1024,8192,0.8720703125,0.8646625781359079,0.8791292619855526,0.2410888671875,0.011474609375,nan,0.0084228515625,nan,0.0400390625,nan,0.0400390625,1,3,21,60,81,20260920,761,6.277729800000088
S1,6,0.003,3,8,1024,8192,0.867919921875,0.8604153481684441,0.875079601347987,0.2305908203125,0.015625,nan,0.0101318359375,nan,0.0177001953125,nan,0.0177001953125,1,3,21,60,81,20260920,761,6.252262099995278
S1,6,0.003,4,8,1024,8192,0.8629150390625,0.8552968714908028,0.8701930040607398,0.239013671875,0.009765625,nan,0.0162353515625,nan,0.025390625,nan,0.025390625,1,3,21,60,81,20260920,761,6.287756100005936
S1,6,0.003,5,8,1024,8192,0.8673095703125,0.8597909602071233,0.87448385833798,0.2540283203125,0.005859375,nan,0.011962890625,nan,0.0277099609375,nan,0.0277099609375,1,3,21,60,81,20260920,761,6.254555499996059
S1,6,0.003,6,8,1024,8192,0.864501953125,0.8569194353266949,0.8717427807503002,0.290771484375,0.019287109375,nan,0.0079345703125,nan,0.0205078125,nan,0.0205078125,1,3,21,60,81,20260920,761,6.274377099995036
S1,6,0.005,0,8,1024,8192,0.7822265625,0.7731577769783484,0.7910307841636519,0.648193359375,0.0269775390625,0.2177734375,nan,0.1126708984375,nan,0.1126708984375,nan,1,3,21,60,81,20260920,761,6.367909599997802
S1,6,0.005,1,8,1024,8192,0.7939453125,0.7850498067514805,0.8025652690400146,0.4549560546875,0.0133056640625,nan,0.0413818359375,0.1646728515625,nan,0.1646728515625,nan,1,3,21,60,81,20260920,761,6.272586700011743
S1,6,0.005,2,8,1024,8192,0.79150390625,0.7825713976778742,0.8001631542283095,0.401611328125,0.01953125,nan,0.0125732421875,nan,0.0626220703125,nan,0.0626220703125,1,3,21,60,81,20260920,761,6.31151250001858
S1,6,0.005,3,8,1024,8192,0.7855224609375,0.7765013151157723,0.7942759532713985,0.376708984375,0.024658203125,nan,0.0155029296875,nan,0.0308837890625,nan,0.0308837890625,1,3,21,60,81,20260920,761,6.283554599998752
S1,6,0.005,4,8,1024,8192,0.785888671875,0.7768728715355695,0.794636475434398,0.384521484375,0.017822265625,nan,0.025634765625,nan,0.041259765625,nan,0.041259765625,1,3,21,60,81,20260920,761,6.220879000000423
S1,6,0.005,5,8,1024,8192,0.7850341796875,0.776005922867326,0.7937952407427824,0.4107666015625,0.013916015625,nan,0.020263671875,nan,0.041748046875,nan,0.041748046875,1,3,21,60,81,20260920,761,6.289764599991031
S1,6,0.005,6,8,1024,8192,0.7889404296875,0.779969585541082,0.7976404162855246,0.4678955078125,0.0286865234375,nan,0.01416015625,nan,0.0330810546875,nan,0.0330810546875,1,3,21,60,81,20260920,761,6.269835599989165
S1,6,0.01,0,8,1024,8192,0.62255859375,0.6120063847308049,0.6329959143118283,1.1453857421875,0.0477294921875,0.37744140625,nan,0.2083740234375,nan,0.2083740234375,nan,1,3,21,60,81,20260920,761,6.347202899982221
S1,6,0.01,1,8,1024,8192,0.6353759765625,0.6248918125045093,0.6457332369360089,0.8414306640625,0.0269775390625,nan,0.0670166015625,0.297607421875,nan,0.297607421875,nan,1,3,21,60,81,20260920,761,6.278813499986427
S1,6,0.01,2,8,1024,8192,0.6337890625,0.6232960450593918,0.6441566638556739,0.7095947265625,0.033203125,nan,0.0263671875,nan,0.1143798828125,nan,0.1143798828125,1,3,21,60,81,20260920,761,6.181493400014006
S1,6,0.01,3,8,1024,8192,0.63134765625,0.6208412559996249,0.6417309290301295,0.6688232421875,0.0426025390625,nan,0.0281982421875,nan,0.0570068359375,nan,0.0570068359375,1,3,21,60,81,20260920,761,6.163984299986623
S1,6,0.01,4,8,1024,8192,0.62158203125,0.6110249597734229,0.632025129715086,0.682861328125,0.0316162109375,nan,0.0411376953125,nan,0.06982421875,nan,0.06982421875,1,3,21,60,81,20260920,761,6.193704899982549
S1,6,0.01,5,8,1024,8192,0.6318359375,0.6213321908009419,0.6422160990058747,0.7386474609375,0.0247802734375,nan,0.037353515625,nan,0.07666015625,nan,0.07666015625,1,3,21,60,81,20260920,761,6.036486900004093
S1,6,0.01,6,8,1024,8192,0.6298828125,0.6193685204751525,0.6402753502234151,0.8441162109375,0.0504150390625,nan,0.0260009765625,nan,0.0634765625,nan,0.0634765625,1,3,21,60,81,20260920,761,6.153405999997631
S1,6,0.02,0,8,1024,8192,0.411376953125,0.40076496897650876,0.42207201398668664,1.89990234375,0.0755615234375,0.588623046875,nan,0.3697509765625,nan,0.3697509765625,nan,1,3,21,60,81,20260920,761,6.380423800001154
S1,6,0.02,1,8,1024,8192,0.4256591796875,0.4149894480565609,0.4363985996357064,1.4144287109375,0.0494384765625,nan,0.099365234375,0.4749755859375,nan,0.4749755859375,nan,1,3,21,60,81,20260920,761,6.293362600001274
S1,6,0.02,2,8,1024,8192,0.42822265625,0.4175435296436136,0.4389690681282306,1.195556640625,0.0587158203125,nan,0.05224609375,nan,0.1729736328125,nan,0.1729736328125,1,3,21,60,81,20260920,761,6.355324700009078
S1,6,0.02,3,8,1024,8192,0.4317626953125,0.4210710769456439,0.4425182804599019,1.090087890625,0.065673828125,nan,0.0482177734375,nan,0.1041259765625,nan,0.1041259765625,1,3,21,60,81,20260920,761,6.562963999982458
S1,6,0.02,4,8,1024,8192,0.4288330078125,0.4181516875805954,0.4395810411625767,1.070068359375,0.0587158203125,nan,0.057373046875,nan,0.1065673828125,nan,0.1065673828125,1,3,21,60,81,20260920,761,6.5385598000139
S1,6,0.02,5,8,1024,8192,0.42236328125,0.41170606111774816,0.43309327932934866,1.22412109375,0.0487060546875,nan,0.0633544921875,nan,0.1263427734375,nan,0.1263427734375,1,3,21,60,81,20260920,761,6.299046500003897
S1,6,0.02,6,8,1024,8192,0.4140625,0.4034389545643262,0.42476660467271177,1.447265625,0.08154296875,nan,0.0506591796875,nan,0.1170654296875,nan,0.1170654296875,1,3,21,60,81,20260920,761,6.21868109999923
S1,6,0.03,0,8,1024,8192,0.30078125,0.29094569579026075,0.31080355516832725,2.3338623046875,0.0911865234375,0.69921875,nan,0.4725341796875,nan,0.4725341796875,nan,1,3,21,60,81,20260920,761,6.3761012999748345
S1,6,0.03,1,8,1024,8192,0.306396484375,0.2965063947249832,0.31646806116982107,1.817138671875,0.0697021484375,nan,0.1082763671875,0.5853271484375,nan,0.5853271484375,nan,1,3,21,60,81,20260920,761,6.287209500005702
S1,6,0.03,2,8,1024,8192,0.3223876953125,0.3123517505523651,0.33259013679122906,1.4749755859375,0.072265625,nan,0.0704345703125,nan,0.200439453125,nan,0.200439453125,1,3,21,60,81,20260920,761,6.346499899984337
S1,6,0.03,3,8,1024,8192,0.3199462890625,0.30993172230884786,0.3301296411494348,1.3338623046875,0.078857421875,nan,0.064208984375,nan,0.137451171875,nan,0.137451171875,1,3,21,60,81,20260920,761,6.2491962000203785
S1,6,0.03,4,8,1024,8192,0.317626953125,0.3076329897036114,0.3277918760636255,1.3758544921875,0.075439453125,nan,0.086181640625,nan,0.1514892578125,nan,0.1514892578125,1,3,21,60,81,20260920,761,6.152737700002035
S1,6,0.03,5,8,1024,8192,0.312255859375,0.30231071899743367,0.3223769942221181,1.5054931640625,0.0697021484375,nan,0.0802001953125,nan,0.1513671875,nan,0.1513671875,1,3,21,60,81,20260920,761,6.079719200002728
S1,6,0.03,6,8,1024,8192,0.2982177734375,0.28840770209550737,0.3082169987835037,1.8355712890625,0.092041015625,nan,0.0699462890625,nan,0.1561279296875,nan,0.1561279296875,1,3,21,60,81,20260920,761,6.112626699992688
S1,6,0.05,0,8,1024,8192,0.1884765625,0.18015429836418395,0.19709085387007874,2.8836669921875,0.10302734375,0.8115234375,nan,0.6134033203125,nan,0.6134033203125,nan,1,3,21,60,81,20260920,761,6.359815300005721
S1,6,0.05,1,8,1024,8192,0.195556640625,0.18711127133100175,0.20428740017066405,2.2735595703125,0.0919189453125,nan,0.1204833984375,0.6839599609375,nan,0.6839599609375,nan,1,3,21,60,81,20260920,761,6.159416900016367
S1,6,0.05,2,8,1024,8192,0.21435546875,0.20560387150797216,0.2233748339105916,1.8499755859375,0.100341796875,nan,0.0928955078125,nan,0.225830078125,nan,0.225830078125,1,3,21,60,81,20260920,761,6.281773199996678
S1,6,0.05,3,8,1024,8192,0.212158203125,0.20344091763801272,0.22114531628377074,1.6669921875,0.10107421875,nan,0.093994140625,nan,0.193603515625,nan,0.193603515625,1,3,21,60,81,20260920,761,6.088847600010922
S1,6,0.05,4,8,1024,8192,0.216064453125,0.20728643038012065,0.22510864175816106,1.653564453125,0.093017578125,nan,0.095947265625,nan,0.193115234375,nan,0.193115234375,1,3,21,60,81,20260920,761,6.2505905000143684
S1,6,0.05,5,8,1024,8192,0.202392578125,0.19383247417077185,0.21123166420976594,1.883544921875,0.092041015625,nan,0.1026611328125,nan,0.194580078125,nan,0.194580078125,1,3,21,60,81,20260920,761,6.24706639998476
S1,6,0.05,6,8,1024,8192,0.190185546875,0.18183316005818256,0.19882835889579809,2.29150390625,0.1075439453125,nan,0.093505859375,nan,0.1983642578125,nan,0.1983642578125,1,3,21,60,81,20260920,761,6.340717899991432
S2,2,0.0,0,8,1024,8192,0.9029541015625,0.8963537098507328,0.9091767574199172,0.16162109375,0.017822265625,0.0970458984375,nan,0.0467529296875,nan,0.0970458984375,nan,0,2,8,36,25,20260920,761,1.3317330999998376
S2,2,0.0,1,8,1024,8192,0.904296875,0.8977355791664724,0.910479176241099,0.12255859375,0.02685546875,nan,0.0408935546875,0.0548095703125,nan,nan,0.0408935546875,0,2,8,36,25,20260920,761,1.316643500002101
S2,2,0.0,2,8,1024,8192,0.9049072265625,0.8983638276396694,0.9110710587392298,0.12451171875,0.0283203125,nan,0.0294189453125,nan,0.0667724609375,nan,0.0294189453125,0,2,8,36,25,20260920,761,1.2877208999998402
S2,2,0.001,0,8,1024,8192,0.88916015625,0.8821787447557379,0.8957767625629027,0.184326171875,0.0211181640625,0.11083984375,nan,0.0523681640625,nan,0.11083984375,nan,0,2,8,36,25,20260920,761,1.9276608999934979
S2,2,0.001,1,8,1024,8192,0.891357421875,0.8844343260601338,0.897913652755287,0.1392822265625,0.0306396484375,nan,0.04541015625,0.063232421875,nan,nan,0.04541015625,0,2,8,36,25,20260920,761,1.5295035000017378
S2,2,0.001,2,8,1024,8192,0.8900146484375,0.8830558138361784,0.8966078768423211,0.1407470703125,0.0333251953125,nan,0.03076171875,nan,0.07666015625,nan,0.03076171875,0,2,8,36,25,20260920,761,1.559424000006402
S2,2,0.003,0,8,1024,8192,0.8677978515625,0.8602904664353836,0.8749604568867819,0.2161865234375,0.024169921875,0.1322021484375,nan,0.059814453125,nan,0.1322021484375,nan,0,2,8,36,25,20260920,761,1.9611064000055194
S2,2,0.003,1,8,1024,8192,0.8648681640625,0.857293921173087,0.8721003734867048,0.172607421875,0.0374755859375,nan,0.054931640625,0.0802001953125,nan,nan,0.054931640625,0,2,8,36,25,20260920,761,1.5741170000110287
S2,2,0.003,2,8,1024,8192,0.8675537109375,0.8600407091853054,0.8747221617483291,0.1700439453125,0.037109375,nan,0.03759765625,nan,0.0953369140625,nan,0.03759765625,0,2,8,36,25,20260920,761,1.5413464999874122
S2,2,0.005,0,8,1024,8192,0.844970703125,0.8369716222191456,0.8526464027753583,0.2537841796875,0.0286865234375,0.155029296875,nan,0.070068359375,nan,0.155029296875,nan,0,2,8,36,25,20260920,761,1.9458392999949865
S2,2,0.005,1,8,1024,8192,0.8409423828125,0.8328630375817261,0.848702123002014,0.2017822265625,0.042724609375,nan,0.0640869140625,0.094970703125,nan,nan,0.0640869140625,0,2,8,36,25,20260920,761,1.6229555000027176
S2,2,0.005,2,8,1024,8192,0.83984375,0.8317428281221834,0.8476260967131665,0.203369140625,0.0443115234375,nan,0.043212890625,nan,0.1158447265625,nan,0.043212890625,0,2,8,36,25,20260920,761,1.5853942999965511
S2,2,0.01,0,8,1024,8192,0.7882080078125,0.7792263070176888,0.7969195376433245,0.3555908203125,0.0478515625,0.2117919921875,nan,0.095947265625,nan,0.2117919921875,nan,0,2,8,36,25,20260920,761,1.9736174000136089
S2,2,0.01,1,8,1024,8192,0.7901611328125,0.7812084780401357,0.7988417857291267,0.26123046875,0.0513916015625,nan,0.08154296875,0.1282958984375,nan,nan,0.08154296875,0,2,8,36,25,20260920,761,1.562838699988788
S2,2,0.01,2,8,1024,8192,0.783203125,0.7741483672114354,0.7919924034846894,0.2708740234375,0.0611572265625,nan,0.0540771484375,nan,0.1556396484375,nan,0.0540771484375,0,2,8,36,25,20260920,761,1.5220840999973007
S2,2,0.02,0,8,1024,8192,0.6934814453125,0.6834088168277355,0.7033727010831947,0.524169921875,0.07177734375,0.3065185546875,nan,0.1458740234375,nan,0.3065185546875,nan,0,2,8,36,25,20260920,761,1.9501793000090402
S2,2,0.02,1,8,1024,8192,0.6961669921875,0.6861176913590145,0.7060324028257582,0.3724365234375,0.068603515625,nan,0.123291015625,0.1805419921875,nan,nan,0.123291015625,0,2,8,36,25,20260920,761,1.571438200015109
S2,2,0.02,2,8,1024,8192,0.691650390625,0.681562085333945,0.7015590396630016,0.38623046875,0.081787109375,nan,0.077880859375,nan,0.2265625,nan,0.077880859375,0,2,8,36,25,20260920,761,1.5407373000052758
S2,2,0.03,0,8,1024,8192,0.6123046875,0.6017036687656735,0.6228004299586519,0.6676025390625,0.09375,0.3876953125,nan,0.1861572265625,nan,0.3876953125,nan,0,2,8,36,25,20260920,761,1.941294000018388
S2,2,0.03,1,8,1024,8192,0.613037109375,0.602439413089411,0.6235288428005078,0.4788818359375,0.0919189453125,nan,0.15087890625,0.236083984375,nan,nan,0.15087890625,0,2,8,36,25,20260920,761,1.5482818000018597
S2,2,0.03,2,8,1024,8192,0.6048583984375,0.5942250212743447,0.6153934795997809,0.4971923828125,0.1083984375,nan,0.10205078125,nan,0.2867431640625,nan,0.10205078125,0,2,8,36,25,20260920,761,1.5769216000044253
S2,2,0.05,0,8,1024,8192,0.4969482421875,0.48612503821687936,0.5077743069264814,0.8870849609375,0.1280517578125,0.5030517578125,nan,0.2559814453125,nan,0.5030517578125,nan,0,2,8,36,25,20260920,761,1.9470742999983486
S2,2,0.05,1,8,1024,8192,0.49462890625,0.4838072121247304,0.5054556353275845,0.625732421875,0.120361328125,nan,0.1947021484375,0.3106689453125,nan,nan,0.1947021484375,0,2,8,36,25,20260920,761,1.5537299999850802
S2,2,0.05,2,8,1024,8192,0.4967041015625,0.48588104555851036,0.5075302471963192,0.6361083984375,0.135986328125,nan,0.1328125,nan,0.3673095703125,nan,0.1328125,0,2,8,36,25,20260920,761,1.5621870000031777
S2,4,0.0,0,8,1024,8192,0.8165283203125,0.8079990828707245,0.8247608388599011,0.551513671875,0.04541015625,0.1834716796875,nan,0.10888671875,nan,0.10888671875,nan,1,3,15,54,57,20260920,761,3.550528099993244
S2,4,0.0,1,8,1024,8192,0.7991943359375,0.7903800443196523,0.8077281578252624,0.4691162109375,0.0609130859375,nan,0.0443115234375,0.156494140625,nan,0.156494140625,nan,1,3,15,54,57,20260920,761,3.4643340000184253
S2,4,0.0,2,8,1024,8192,0.808837890625,0.8001788985795325,0.8172073729123622,0.4031982421875,0.05859375,nan,0.0244140625,nan,0.0694580078125,nan,0.0694580078125,1,3,15,54,57,20260920,761,3.5575774000026286
S2,4,0.0,3,8,1024,8192,0.796875,0.7880245412447034,0.8054471632091654,0.3995361328125,0.0657958984375,nan,0.009033203125,nan,0.032470703125,nan,0.032470703125,1,3,15,54,57,20260920,761,3.3235894000099506
S2,4,0.0,4,8,1024,8192,0.8021240234375,0.7933560641500205,0.810608766657268,0.3922119140625,0.0677490234375,nan,0.035400390625,nan,0.0460205078125,nan,0.0460205078125,1,3,15,54,57,20260920,761,3.357007800019346
S2,4,0.001,0,8,1024,8192,0.7890625,0.7800934694415611,0.797760558579311,0.6357421875,0.0531005859375,0.2109375,nan,0.1251220703125,nan,0.1251220703125,nan,1,3,15,54,57,20260920,761,5.86795169999823
S2,4,0.001,1,8,1024,8192,0.7716064453125,0.7623897715418756,0.78056851069902,0.51025390625,0.0638427734375,nan,0.0535888671875,0.1748046875,nan,0.1748046875,nan,1,3,15,54,57,20260920,761,4.32895790002658
S2,4,0.001,2,8,1024,8192,0.779052734375,0.7699388635159032,0.7879050165751922,0.4591064453125,0.065185546875,nan,0.0267333984375,nan,0.0809326171875,nan,0.0809326171875,1,3,15,54,57,20260920,761,4.36223759999848
S2,4,0.001,3,8,1024,8192,0.77587890625,0.7667207129293377,0.7847784861108528,0.4393310546875,0.0731201171875,nan,0.009765625,nan,0.0333251953125,nan,0.0333251953125,1,3,15,54,57,20260920,761,4.442250799998874
S2,4,0.001,4,8,1024,8192,0.77734375,0.7682059191510201,0.7862215942203573,0.4395751953125,0.07666015625,nan,0.0394287109375,nan,0.0501708984375,nan,0.0501708984375,1,3,15,54,57,20260920,761,4.347467899991898
S2,4,0.003,0,8,1024,8192,0.7379150390625,0.728282027127857,0.7473250254957411,0.77197265625,0.065673828125,0.2620849609375,nan,0.1497802734375,nan,0.1497802734375,nan,1,3,15,54,57,20260920,761,5.966446400008863
S2,4,0.003,1,8,1024,8192,0.7254638671875,0.7156957919744977,0.735020588834012,0.6195068359375,0.0770263671875,nan,0.064208984375,0.2103271484375,nan,0.2103271484375,nan,1,3,15,54,57,20260920,761,4.393413100013277
S2,4,0.003,2,8,1024,8192,0.723876953125,0.7140923503969362,0.7334516898861211,0.55859375,0.0772705078125,nan,0.0322265625,nan,0.1026611328125,nan,0.1026611328125,1,3,15,54,57,20260920,761,4.284696700022323
S2,4,0.003,3,8,1024,8192,0.7196044921875,0.7097761476894557,0.7292269757943066,0.529052734375,0.0838623046875,nan,0.015380859375,nan,0.0450439453125,nan,0.0450439453125,1,3,15,54,57,20260920,761,4.280117399990559
S2,4,0.003,4,8,1024,8192,0.72900390625,0.7192732535797305,0.7385198868624808,0.5264892578125,0.08935546875,nan,0.0455322265625,nan,0.060791015625,nan,0.060791015625,1,3,15,54,57,20260920,761,4.300757000019075
S2,4,0.005,0,8,1024,8192,0.695068359375,0.6850094671117806,0.7049443913246021,0.9312744140625,0.08740234375,0.304931640625,nan,0.1737060546875,nan,0.1737060546875,nan,1,3,15,54,57,20260920,761,5.747964799986221
S2,4,0.005,1,8,1024,8192,0.6826171875,0.6724542212179572,0.6926089654033372,0.7366943359375,0.0924072265625,nan,0.072509765625,0.244873046875,nan,0.244873046875,nan,1,3,15,54,57,20260920,761,4.321791999973357
S2,4,0.005,2,8,1024,8192,0.680419921875,0.6702394605501177,0.6904312545743964,0.6517333984375,0.092529296875,nan,0.0335693359375,nan,0.115478515625,nan,0.115478515625,1,3,15,54,57,20260920,761,4.31000800000038
S2,4,0.005,3,8,1024,8192,0.677490234375,0.6672868467316125,0.6875272397305278,0.6082763671875,0.10009765625,nan,0.0174560546875,nan,0.0501708984375,nan,0.0501708984375,1,3,15,54,57,20260920,761,4.290158899995731
S2,4,0.005,4,8,1024,8192,0.681884765625,0.6717159389571561,0.6918830904985447,0.609130859375,0.1103515625,nan,0.0457763671875,nan,0.064208984375,nan,0.064208984375,1,3,15,54,57,20260920,761,4.268975100014359
S2,4,0.01,0,8,1024,8192,0.5899658203125,0.579275404085599,0.600571901088127,1.295654296875,0.1229248046875,0.4100341796875,nan,0.2523193359375,nan,0.2523193359375,nan,1,3,15,54,57,20260920,761,5.779927900002804
S2,4,0.01,1,8,1024,8192,0.570556640625,0.5598070024281957,0.5812401378573043,1.0087890625,0.1239013671875,nan,0.091552734375,0.337890625,nan,0.337890625,nan,1,3,15,54,57,20260920,761,4.371484900009818
S2,4,0.01,2,8,1024,8192,0.5772705078125,0.5665394388046128,0.5879291421654937,0.890869140625,0.1295166015625,nan,0.0411376953125,nan,0.1444091796875,nan,0.1444091796875,1,3,15,54,57,20260920,761,4.342596300004516
S2,4,0.01,3,8,1024,8192,0.5740966796875,0.563356581181018,0.5847673187381837,0.815673828125,0.1357421875,nan,0.025634765625,nan,0.0665283203125,nan,0.0665283203125,1,3,15,54,57,20260920,761,4.354603400017368
S2,4,0.01,4,8,1024,8192,0.574462890625,0.5637238109562276,0.5851321675457707,0.8187255859375,0.1453857421875,nan,0.0552978515625,nan,0.0830078125,nan,0.0830078125,1,3,15,54,57,20260920,761,4.323880000010831
S2,4,0.02,0,8,1024,8192,0.4571533203125,0.4463883668425667,0.4679584389702179,1.7760009765625,0.17578125,0.5428466796875,nan,0.3485107421875,nan,0.3485107421875,nan,1,3,15,54,57,20260920,761,5.817055099993013
S2,4,0.02,1,8,1024,8192,0.429931640625,0.41924641375654553,0.44068255073501666,1.4246826171875,0.1785888671875,nan,0.1126708984375,0.4573974609375,nan,0.4573974609375,nan,1,3,15,54,57,20260920,761,4.260589999990771
S2,4,0.02,2,8,1024,8192,0.4447021484375,0.4339696050702584,0.4554865289274379,1.186279296875,0.174560546875,nan,0.054931640625,nan,0.1885986328125,nan,0.1885986328125,1,3,15,54,57,20260920,761,4.343117899989011
S2,4,0.02,3,8,1024,8192,0.4378662109375,0.42715436426723435,0.44863630285159,1.1107177734375,0.1881103515625,nan,0.04443359375,nan,0.103271484375,nan,0.103271484375,1,3,15,54,57,20260920,761,4.360557800013339
S2,4,0.02,4,8,1024,8192,0.4248046875,0.4141381528490739,0.43554171148333437,1.1275634765625,0.197998046875,nan,0.0706787109375,nan,0.1151123046875,nan,0.1151123046875,1,3,15,54,57,20260920,761,4.2915641000145115
S2,4,0.03,0,8,1024,8192,0.3453369140625,0.33511520801516737,0.35570360385035416,2.19775390625,0.2191162109375,0.6546630859375,nan,0.44580078125,nan,0.44580078125,nan,1,3,15,54,57,20260920,761,5.968406200001482
S2,4,0.03,1,8,1024,8192,0.34130859375,0.3311175394341214,0.3516484080206362,1.69384765625,0.21337890625,nan,0.123291015625,0.535400390625,nan,0.535400390625,nan,1,3,15,54,57,20260920,761,4.462778199987952
S2,4,0.03,2,8,1024,8192,0.3504638671875,0.340204330042391,0.36086358198228446,1.444580078125,0.217529296875,nan,0.0697021484375,nan,0.2122802734375,nan,0.2122802734375,1,3,15,54,57,20260920,761,4.2614856000000145
S2,4,0.03,3,8,1024,8192,0.3446044921875,0.3343882982432686,0.35496635645665947,1.326904296875,0.2275390625,nan,0.05908203125,nan,0.1329345703125,nan,0.1329345703125,1,3,15,54,57,20260920,761,4.250598799990257
S2,4,0.03,4,8,1024,8192,0.3321533203125,0.3220350030018262,0.3424289798830136,1.3514404296875,0.23779296875,nan,0.0830078125,nan,0.1444091796875,nan,0.1444091796875,1,3,15,54,57,20260920,761,4.430323399981717
S2,4,0.05,0,8,1024,8192,0.2303466796875,0.22135649555162848,0.23958964131572505,2.7335205078125,0.2794189453125,0.7696533203125,nan,0.5762939453125,nan,0.5762939453125,nan,1,3,15,54,57,20260920,761,5.839682699996047
S2,4,0.05,1,8,1024,8192,0.2337646484375,0.22472592007439102,0.24305295023239853,2.114501953125,0.271484375,nan,0.134765625,0.6314697265625,nan,0.6314697265625,nan,1,3,15,54,57,20260920,761,4.509539400023641
S2,4,0.05,2,8,1024,8192,0.250732421875,0.24146480847664978,0.2602337028330541,1.7294921875,0.2664794921875,nan,0.0950927734375,nan,0.2420654296875,nan,0.2420654296875,1,3,15,54,57,20260920,761,4.6066925000050105
S2,4,0.05,3,8,1024,8192,0.2322998046875,0.22328177818700545,0.2415687777885972,1.6026611328125,0.279052734375,nan,0.081298828125,nan,0.1826171875,nan,0.1826171875,1,3,15,54,57,20260920,761,4.863461500004632
S2,4,0.05,4,8,1024,8192,0.210693359375,0.20199916039410104,0.21965875919649558,1.640869140625,0.295166015625,nan,0.09423828125,nan,0.173583984375,nan,0.173583984375,1,3,15,54,57,20260920,761,4.73400599998422
S2,6,0.0,0,8,1024,8192,0.75830078125,0.7489104177908253,0.767449009275123,0.7069091796875,0.0235595703125,0.24169921875,nan,0.13623046875,nan,0.13623046875,nan,1,3,21,60,81,20260920,761,6.679296500020428
S2,6,0.0,1,8,1024,8192,0.7633056640625,0.7539791631535486,0.7723853378772882,0.54931640625,0.0169677734375,nan,0.051513671875,0.1851806640625,nan,0.1851806640625,nan,1,3,21,60,81,20260920,761,6.700953399995342
S2,6,0.0,2,8,1024,8192,0.7513427734375,0.7418664867362732,0.7605834472565376,0.519775390625,0.0181884765625,nan,0.0291748046875,nan,0.0765380859375,nan,0.0765380859375,1,3,21,60,81,20260920,761,6.4916511999908835
S2,6,0.0,3,8,1024,8192,0.7430419921875,0.73346743546001,0.752388717322742,0.4691162109375,0.0367431640625,nan,0.01318359375,nan,0.03857421875,nan,0.03857421875,1,3,21,60,81,20260920,761,6.3288475000008475
S2,6,0.0,4,8,1024,8192,0.7479248046875,0.738407503549933,0.7572096970034418,0.480712890625,0.0185546875,nan,0.041015625,nan,0.0535888671875,nan,0.0535888671875,1,3,21,60,81,20260920,761,6.537425099988468
S2,6,0.0,5,8,1024,8192,0.74560546875,0.7360607766264083,0.7549199262359206,0.5152587890625,0.0240478515625,nan,0.0233154296875,nan,0.0584716796875,nan,0.0584716796875,1,3,21,60,81,20260920,761,6.305135400005383
S2,6,0.0,6,8,1024,8192,0.7418212890625,0.7322326610912392,0.7511832297488571,0.6014404296875,0.041259765625,nan,0.016845703125,nan,0.0361328125,nan,0.0361328125,1,3,21,60,81,20260920,761,6.855916300002718
S2,6,0.001,0,8,1024,8192,0.722412109375,0.7126123857903495,0.7320033401615209,0.8177490234375,0.029296875,0.277587890625,nan,0.158203125,nan,0.158203125,nan,1,3,21,60,81,20260920,761,11.741532899992308
S2,6,0.001,1,8,1024,8192,0.7314453125,0.7217409176832269,0.7409327466442958,0.61669921875,0.0186767578125,nan,0.0560302734375,0.2125244140625,nan,0.2125244140625,nan,1,3,21,60,81,20260920,761,8.641898600006243
S2,6,0.001,2,8,1024,8192,0.7183837890625,0.7085431476755779,0.7280197138655287,0.57958984375,0.0224609375,nan,0.031005859375,nan,0.085693359375,nan,0.085693359375,1,3,21,60,81,20260920,761,8.430356299999403
S2,6,0.001,3,8,1024,8192,0.7125244140625,0.7026259745063123,0.7222236297100469,0.5311279296875,0.0426025390625,nan,0.014892578125,nan,0.043212890625,nan,0.043212890625,1,3,21,60,81,20260920,761,8.144016500009457
S2,6,0.001,4,8,1024,8192,0.714599609375,0.7047214089912058,0.724276640527668,0.5545654296875,0.0211181640625,nan,0.0460205078125,nan,0.0650634765625,nan,0.0650634765625,1,3,21,60,81,20260920,761,8.351064399990719
S2,6,0.001,5,8,1024,8192,0.7176513671875,0.7078033902061138,0.7272953141693994,0.5540771484375,0.0234375,nan,0.0240478515625,nan,0.0599365234375,nan,0.0599365234375,1,3,21,60,81,20260920,761,8.031120600004215
S2,6,0.001,6,8,1024,8192,0.7093505859375,0.6994216778256808,0.7190832453397735,0.685791015625,0.04296875,nan,0.0205078125,nan,0.04541015625,nan,0.04541015625,1,3,21,60,81,20260920,761,8.05338140000822
S2,6,0.003,0,8,1024,8192,0.6597900390625,0.6494576971057175,0.6699725911879149,1.00390625,0.03564453125,0.3402099609375,nan,0.1944580078125,nan,0.1944580078125,nan,1,3,21,60,81,20260920,761,11.52559810000821
S2,6,0.003,1,8,1024,8192,0.66552734375,0.6552350246875887,0.6756644947365258,0.7825927734375,0.0228271484375,nan,0.066650390625,0.267822265625,nan,0.267822265625,nan,1,3,21,60,81,20260920,761,8.356089400011115
S2,6,0.003,2,8,1024,8192,0.66796875,0.6576939749472804,0.6780860683621454,0.6746826171875,0.026123046875,nan,0.0355224609375,nan,0.103515625,nan,0.103515625,1,3,21,60,81,20260920,761,8.467044199991506
S2,6,0.003,3,8,1024,8192,0.6566162109375,0.6462624492996023,0.6668231579431254,0.642822265625,0.0482177734375,nan,0.022216796875,nan,0.0546875,nan,0.0546875,1,3,21,60,81,20260920,761,8.488907999999356
S2,6,0.003,4,8,1024,8192,0.6610107421875,0.6506867748139002,0.6711837754223879,0.6468505859375,0.025634765625,nan,0.0498046875,nan,0.07421875,nan,0.07421875,1,3,21,60,81,20260920,761,8.34481519999099
S2,6,0.003,5,8,1024,8192,0.6568603515625,0.6465082194795534,0.6670654401517054,0.6982421875,0.02734375,nan,0.0284423828125,nan,0.0777587890625,nan,0.0777587890625,1,3,21,60,81,20260920,761,8.571748900023522
S2,6,0.003,6,8,1024,8192,0.6536865234375,0.6433134416103166,0.6639155369700374,0.8250732421875,0.05419921875,nan,0.025390625,nan,0.0611572265625,nan,0.0611572265625,1,3,21,60,81,20260920,761,8.2274519999919
S2,6,0.005,0,8,1024,8192,0.60546875,0.5948379282327394,0.616000703612714,1.2021484375,0.0440673828125,0.39453125,nan,0.229248046875,nan,0.229248046875,nan,1,3,21,60,81,20260920,761,11.610288099996978
S2,6,0.005,1,8,1024,8192,0.60595703125,0.5953282662269384,0.6164864703955772,0.920166015625,0.0267333984375,nan,0.075439453125,0.318603515625,nan,0.318603515625,nan,1,3,21,60,81,20260920,761,8.193120699987048
S2,6,0.005,2,8,1024,8192,0.6083984375,0.5977801221587171,0.61891513834911,0.7908935546875,0.033447265625,nan,0.0352783203125,nan,0.1187744140625,nan,0.1187744140625,1,3,21,60,81,20260920,761,8.099905100010801
S2,6,0.005,3,8,1024,8192,0.5989990234375,0.5883419900373518,0.6095632535120264,0.7554931640625,0.0560302734375,nan,0.029052734375,nan,0.066650390625,nan,0.066650390625,1,3,21,60,81,20260920,761,8.34611829998903
S2,6,0.005,4,8,1024,8192,0.6099853515625,0.5993739771439117,0.6204936238893679,0.74267578125,0.0335693359375,nan,0.053955078125,nan,0.0819091796875,nan,0.0819091796875,1,3,21,60,81,20260920,761,8.259872000024188
S2,6,0.005,5,8,1024,8192,0.604736328125,0.5941024419528,0.61527203272706,0.8106689453125,0.03271484375,nan,0.0369873046875,nan,0.0875244140625,nan,0.0875244140625,1,3,21,60,81,20260920,761,8.308947799989255
S2,6,0.005,6,8,1024,8192,0.5948486328125,0.5841757981705848,0.6054325547737638,0.967041015625,0.060546875,nan,0.03173828125,nan,0.0689697265625,nan,0.0689697265625,1,3,21,60,81,20260920,761,8.279172599985031
S2,6,0.01,0,8,1024,8192,0.494384765625,0.48356324397569544,0.5052115510880884,1.5911865234375,0.06201171875,0.505615234375,nan,0.3067626953125,nan,0.3067626953125,nan,1,3,21,60,81,20260920,761,11.971668300015153
S2,6,0.01,1,8,1024,8192,0.49853515625,0.4877110533774352,0.509360632291378,1.2069091796875,0.03759765625,nan,0.092041015625,0.409423828125,nan,0.409423828125,nan,1,3,21,60,81,20260920,761,8.214480700000422
S2,6,0.01,2,8,1024,8192,0.5010986328125,0.4902733081025511,0.5119229276458391,1.029296875,0.0462646484375,nan,0.051025390625,nan,0.1590576171875,nan,0.1590576171875,1,3,21,60,81,20260920,761,8.176242899993667
S2,6,0.01,3,8,1024,8192,0.4986572265625,0.4878330590580958,0.509482652804983,0.963623046875,0.0628662109375,nan,0.0452880859375,nan,0.0911865234375,nan,0.0911865234375,1,3,21,60,81,20260920,761,8.520256799994968
S2,6,0.01,4,8,1024,8192,0.493408203125,0.482587397181202,0.5042351883284572,0.96875,0.0509033203125,nan,0.0626220703125,nan,0.10205078125,nan,0.10205078125,1,3,21,60,81,20260920,761,8.143023599986918
S2,6,0.01,5,8,1024,8192,0.50244140625,0.4916155550345877,0.5132649688507236,1.0489501953125,0.0430908203125,nan,0.05322265625,nan,0.1136474609375,nan,0.1136474609375,1,3,21,60,81,20260920,761,8.110133099980885
S2,6,0.01,6,8,1024,8192,0.4808349609375,0.4700270589494912,0.4916608285508141,1.2564697265625,0.0753173828125,nan,0.0430908203125,nan,0.09521484375,nan,0.09521484375,1,3,21,60,81,20260920,761,8.140646100015147
S2,6,0.02,0,8,1024,8192,0.3431396484375,0.33293455984829456,0.3534917805204466,2.18505859375,0.0838623046875,0.6568603515625,nan,0.440673828125,nan,0.440673828125,nan,1,3,21,60,81,20260920,761,11.635930599994026
S2,6,0.02,1,8,1024,8192,0.350830078125,0.34056788901424523,0.361232101593227,1.6673583984375,0.05859375,nan,0.1068115234375,0.5423583984375,nan,0.5423583984375,nan,1,3,21,60,81,20260920,761,8.396173100016313
S2,6,0.02,2,8,1024,8192,0.3515625,0.3412950269775402,0.36196912079552535,1.3897705078125,0.0657958984375,nan,0.0714111328125,nan,0.197021484375,nan,0.197021484375,1,3,21,60,81,20260920,761,7.887123399996199
S2,6,0.02,3,8,1024,8192,0.35009765625,0.33984077775013904,0.36049505569173973,1.29345703125,0.08056640625,nan,0.0616455078125,nan,0.13427734375,nan,0.13427734375,1,3,21,60,81,20260920,761,7.981861999985995
S2,6,0.02,4,8,1024,8192,0.353759765625,0.34347660068130564,0.36418001858854027,1.27392578125,0.068359375,nan,0.07568359375,nan,0.136474609375,nan,0.136474609375,1,3,21,60,81,20260920,761,8.127981999976328
S2,6,0.02,5,8,1024,8192,0.347412109375,0.33717493216743577,0.35779232500060043,1.43115234375,0.062744140625,nan,0.0748291015625,nan,0.151123046875,nan,0.151123046875,1,3,21,60,81,20260920,761,7.966687600011937
S2,6,0.02,6,8,1024,8192,0.329833984375,0.3197347792608959,0.3400927059328981,1.732666015625,0.0887451171875,nan,0.0618896484375,nan,0.1441650390625,nan,0.1441650390625,1,3,21,60,81,20260920,761,7.951978400000371
S2,6,0.03,0,8,1024,8192,0.26513671875,0.25568987251085173,0.2748037297221896,2.5234375,0.0882568359375,0.73486328125,nan,0.52392578125,nan,0.52392578125,nan,1,3,21,60,81,20260920,761,11.421869300014805
S2,6,0.03,1,8,1024,8192,0.258544921875,0.24917843529439246,0.268137752448308,2.0150146484375,0.0780029296875,nan,0.122314453125,0.619140625,nan,0.619140625,nan,1,3,21,60,81,20260920,761,8.012842900003307
S2,6,0.03,2,8,1024,8192,0.2725830078125,0.26304866907924007,0.2823305310040011,1.62890625,0.0791015625,nan,0.0830078125,nan,0.217041015625,nan,0.217041015625,1,3,21,60,81,20260920,761,8.022483500011731
S2,6,0.03,3,8,1024,8192,0.2725830078125,0.26304866907924007,0.2823305310040011,1.47314453125,0.0880126953125,nan,0.0745849609375,nan,0.15771484375,nan,0.15771484375,1,3,21,60,81,20260920,761,8.277851200022269
S2,6,0.03,4,8,1024,8192,0.2811279296875,0.2714973707142124,0.29096366296761866,1.4720458984375,0.08056640625,nan,0.0911865234375,nan,0.1644287109375,nan,0.1644287109375,1,3,21,60,81,20260920,761,8.150160799996229
S2,6,0.03,5,8,1024,8192,0.2711181640625,0.2616007657904423,0.28085011996161197,1.6556396484375,0.076904296875,nan,0.0885009765625,nan,0.17431640625,nan,0.17431640625,1,3,21,60,81,20260920,761,8.022054200002458
S2,6,0.03,6,8,1024,8192,0.2496337890625,0.24038040201159483,0.25912187354971894,2.002197265625,0.1019287109375,nan,0.076904296875,nan,0.167236328125,nan,0.167236328125,1,3,21,60,81,20260920,761,8.045978200010723
S2,6,0.05,0,8,1024,8192,0.1729736328125,0.1649370424858727,0.18131678307666244,3.027099609375,0.1041259765625,0.8270263671875,nan,0.6446533203125,nan,0.6446533203125,nan,1,3,21,60,81,20260920,761,11.410066600015853
S2,6,0.05,1,8,1024,8192,0.18115234375,0.17296220231516174,0.18964137826316668,2.3289794921875,0.094970703125,nan,0.1234130859375,0.6954345703125,nan,0.6954345703125,nan,1,3,21,60,81,20260920,761,8.005300000018906
S2,6,0.05,2,8,1024,8192,0.19677734375,0.18831119361649512,0.2055277398278264,1.919677734375,0.1009521484375,nan,0.1044921875,nan,0.230712890625,nan,0.230712890625,1,3,21,60,81,20260920,761,7.9223734000115655
S2,6,0.05,3,8,1024,8192,0.1895751953125,0.1812335364598673,0.1982078515227855,1.7305908203125,0.1041259765625,nan,0.1002197265625,nan,0.2113037109375,nan,0.2113037109375,1,3,21,60,81,20260920,761,7.957011600024998
S2,6,0.05,4,8,1024,8192,0.20263671875,0.19407259008340752,0.21147960068566138,1.70263671875,0.096435546875,nan,0.1011962890625,nan,0.202880859375,nan,0.202880859375,1,3,21,60,81,20260920,761,7.941701599978842
S2,6,0.05,5,8,1024,8192,0.17822265625,0.17008677253493568,0.186660179381019,1.971923828125,0.098876953125,nan,0.10888671875,nan,0.20849609375,nan,0.20849609375,1,3,21,60,81,20260920,761,7.780920699995477
S2,6,0.05,6,8,1024,8192,0.173828125,0.16577518556987028,0.18218682335252387,2.3797607421875,0.1048583984375,nan,0.1046142578125,nan,0.2060546875,nan,0.2060546875,1,3,21,60,81,20260920,761,7.940712800016627
